STDM_TAZ,Area
1,3867125.76
2,2863905.16
3,329062.99
4,2845557.76
5,151139.72
6,159005.56
7,1619994.65
8,383739.96
9,43602.69
10,19693.83
11,189700.76
12,44186.93
13,64955.37
14,98897.98
15,153769.3
16,301408.09
17,236794.02
18,101549.21
19,138570
20,113110.17
21,67005.91
22,472142.41
23,99092.72
24,46929.21
25,38096.88
26,198163.7
27,335587.37
28,6889648.42
29,438259.47
30,348476.11
31,416475.24
32,52799.78
33,120633.12
34,277157.06
35,436214.8
36,333176.33
37,408991.45
38,164844.93
39,164838.93
40,271049.07
41,271156.37
42,858017.36
43,3128170.73
44,301165.26
45,202748.34
46,157683.4
47,460441.27
48,215893.94
49,975909.34
50,523786.62
51,299617.31
52,458246
53,256592.9
54,194472.86
55,337977.81
56,119175.21
57,107098.71
58,752141.26
59,144881.87
60,615199.76
61,211783.31
62,158312.66
63,214187.05
64,772558.02
65,89795.4
66,330101.85
67,1004612.61
68,649221.7
69,328210.54
70,330552.32
71,164836.78
72,247100.82
73,504271.22
74,2507877.41
75,329443.88
76,82164.36
77,82931.18
78,172622.29
79,165032.19
80,82963.47
81,345166.79
82,3610282.12
83,415347.67
84,338264.75
85,498834.29
86,83136.98
87,163519.13
88,48798.43
89,195839.27
90,1219352.05
91,839715.83
92,852539.44
93,3024116.18
94,973151.41
95,682287.17
96,241522.74
97,88549.95
98,164269.63
99,161218.02
100,165506.67
101,165877.41
102,660887.36
103,667292.56
104,1986323.2
105,162671.2
106,332628.91
107,614470.71
108,662428.94
109,1819184.8
110,412319.52
111,165991.66
112,179361.05
113,163712.78
114,1195561.95
115,1844212.71
116,714136
117,300169.81
118,137829.68
119,4946538.49
120,1081974.4
121,325720.34
122,1135094.83
123,214834.63
124,48216.09
125,167814.81
126,144440.27
127,107808.45
128,214448.29
129,144241.02
130,47779.82
131,47987
132,120020.52
133,194129.49
134,97909.4
135,23914.1
136,97997.21
137,107657.01
138,47947.91
139,83864.82
140,47896.21
141,675394.94
142,197381.9
143,237149.81
144,217255.41
145,152712.39
146,176033.93
147,321482.96
148,256534.13
149,297097.22
150,552159.15
151,243333.08
152,551599.78
153,5496106.17
154,1039655.23
155,529961.77
156,318410.35
157,236645.95
158,1106307.99
159,413477.35
160,343063.27
161,772554.09
162,609926.92
163,426630.76
164,455436.64
165,692603.18
166,902720.17
167,631524.66
168,394325.11
169,1272154
170,595737.39
171,2716284.36
172,3036562.57
173,3624167.21
174,520045.72
175,973161.49
176,751172.08
177,509273.07
178,387010.61
179,657467.37
180,771334.15
181,618941.56
182,960067.41
183,5755752.25
184,20022384.86
185,222798.74
186,543309.19
187,1134891.63
188,1150516.14
189,387014.94
190,1603990.27
191,11210494.04
192,11085422.4
193,14035817.98
194,1301998.06
195,24040094.8
196,1291005.47
197,1281598.88
198,684866.7
199,2345891.43
200,1474448.8
201,2620740.28
202,2636547.12
203,1316755.83
204,1322007.65
205,2614502.72
206,3912783
207,2455907.88
208,3842791.08
209,3017703.05
210,2632411.06
211,2624301.28
212,5254624.98
213,3101204.69
214,666683.11
215,653846.35
216,427995.03
217,1327081.21
218,790437
219,1141219
220,587023.3
221,350588.9
222,920620.23
223,646742.29
224,651307.59
225,826785.75
226,918878.96
227,608764.43
228,628197.93
229,494152.06
230,664252.36
231,1365838.87
232,1304052.41
233,1196470.45
234,809570.29
235,670884.53
236,646793.14
237,601584.18
238,473195.58
239,603940.23
240,823063.05
241,1250861.28
242,587963.86
243,831510.93
244,1099502.94
245,1487972.98
246,652311.36
247,899890.47
248,1095412.71
249,1591996.38
250,1519513.38
251,2591326.83
252,2602395.75
253,1294125.61
254,1280007.56
255,1001622.26
256,895915.69
257,898308.2
258,887785.39
259,644376.44
260,662945.51
261,482131.71
262,1719765.36
263,2588090.96
264,2304881.42
265,1572456.68
266,815907.68
267,633590.33
268,653771.48
269,858588.14
270,625277.67
271,108783.37
272,670746.76
273,737317.48
274,871886.32
275,926491.55
276,281782.07
277,547042.72
278,385375.92
279,1349925.9
280,1351553.03
281,1392660.86
282,335956.01
283,4268416.8
284,3001444.94
285,1031787.54
286,661134.65
287,1171037.98
288,529105.33
289,972101.96
290,913706.23
291,629224.51
292,537204.56
293,2469589.25
294,1904069.79
295,1552060.85
296,1963337.55
297,1614401.64
298,564887.92
299,1061467.08
300,1331205.33
301,391991.58
302,579750.77
303,890451.96
304,1056495.94
305,725365.98
306,510193
307,468504.34
308,840848.56
309,302237.91
310,696802
311,871503.01
312,386785.24
313,256640.7
314,323111.32
315,542869.33
316,309184.3
317,284625.22
318,401960.81
319,152531.58
320,409648.44
321,832150.97
322,801172.89
323,18210098.53
324,13052501.36
325,18086956.32
326,11179387.11
327,4465288.6
328,5854568.31
329,11899509.29
330,6797553.95
331,8823828.19
332,651030.51
333,830738.21
334,248953.19
335,556164.74
336,583820.95
337,1119375.82
338,81457946.58
339,37120944.44
340,19844100.37
341,28471344.45
342,71160063.66
343,73722659.45
344,34851354.59
345,9918848.36
346,11652091.65
347,7855055.92
348,4263911.81
349,3236907.41
350,3228766.28
351,3204988.5
352,2645859.42
353,1491088.19
354,777317.04
355,1513445.02
356,858901.23
357,2597148.46
358,2352473.12
359,1442049.46
360,3887508.65
361,4557829.16
362,1954049.74
363,3186030.8
364,8754215.43
365,7017931.06
366,1818289.25
367,2632659.24
368,2633259.66
369,2594847.08
370,5442311.49
371,5442311.49
372,4897217.98
373,4897217.98
374,3187453.64
375,2623924.6
376,815556.09
377,1820765.38
378,1183024.61
379,1224677.21
380,2575901.88
381,1499372.32
382,616513.63
383,175110.88
384,1085835.84
385,679701.2
386,547369.49
387,1815430.23
388,1788655.84
389,815021.98
390,791202.72
391,3896862.57
392,2352270.34
393,2025849.45
394,1322331.06
395,664293.33
396,1917804.18
397,582168.66
398,1851725.42
399,1266359.31
400,2639442.64
401,2639127.13
402,2513984.88
403,625211.04
404,2582022.77
405,6877024.18
406,15633708.15
407,15633708.15
408,15633708.15
409,15633708.15
410,15633708.15
411,15633708.15
412,2616468.04
413,2519604.98
414,5238488.53
415,2618106.13
416,2625446.31
417,2607653.32
418,2614024.4
419,2538635.99
420,2622318.05
421,2586511.37
422,2598487
423,2288262.35
424,36470946.58
425,15684658.67
426,7688608.01
427,2601906.59
428,7838642.66
429,7819339.51
430,2557468.83
431,1166712.69
432,2566215.97
433,6467566.75
434,14200350.14
435,2588609.3
436,2606358.97
437,2710217.49
438,7809598.67
439,2597492.16
440,56036066.6
441,1189783.82
442,347009.72
443,1057920.78
444,230335.31
445,6791231.01
446,923584.97
447,1442731.95
448,1235704.62
449,487267.06
450,630261.41
451,758810.88
452,1283675.68
453,750272.61
454,2586424.5
455,2569633.61
456,2575998.93
457,2636051.59
458,2488200.48
459,2491817.83
460,2637295.2
461,478874.73
462,334705.49
463,2578236.18
464,8092450.29
465,8478546.65
466,1957630.09
467,1056736.54
468,1815656.34
469,35667119.76
470,14320286.33
471,1708478.04
472,739697.59
473,5084988.16
474,2249515.09
475,4808964.21
476,2655994.68
477,655136295.3
478,54987.73
479,888572.3
480,108685832.4
481,573595328
482,159859001.9
483,34228551.97
484,13293272.2
485,9328852.13
486,28745344.2
487,14449966.54
488,38477440.55
489,6530896.43
490,36892516.62
491,33908069.14
492,7694523.94
493,19005771.46
494,28875472.25
495,83451027.8
496,83451027.8
497,28203418.13
498,17451080.13
499,13693492.04
500,13926018.85
501,14542225.66
502,1769144.55
503,11654376.3
504,2608040.69
505,2632931.27
506,2580680.86
507,2561134.72
508,3078796.91
509,2773756.08
510,31558449.57
511,31558449.57
512,31558449.57
513,11203995.48
514,41657978.24
515,7937260.68
516,15541156.84
517,7343510.69
518,4476230.2
519,3145016.85
520,2900814.32
521,14243614.48
522,6127820.27
523,2563713.43
524,19248460.22
525,3020132.87
526,1704338.43
527,1747774.75
528,779180.87
529,2687703.36
530,4229099
531,929613.49
532,701394.73
533,7203599.72
534,974483.91
535,280307.9
536,324904.51
537,638948.79
538,486826.98
539,608704.3
540,238029.68
541,278896.34
542,1954763.55
543,325597.89
544,158759.9
545,649132.99
546,95613.35
547,742208.41
548,821806.22
549,647091.5
550,153598.62
551,119938.09
552,986046.41
553,1037735.28
554,5413962.11
555,18614607.03
556,18614607.03
557,18614607.03
558,18614607.03
559,1953362.97
560,651148.25
561,1298812.96
562,1299383.98
563,2272522.49
564,1609954.48
565,3887683.19
566,2671936.62
567,1321167
568,3956467.48
569,2182303.9
570,866804.87
571,1022000.86
572,1119699.04
573,1187652.63
574,15638070.62
575,15638070.62
576,10464763.02
577,40958031.72
578,3929838.31
579,18908386.93
580,24074721.16
581,19546724.08
582,8993096.3
583,4155228.44
584,36788177.78
585,1282670.84
586,2615200.56
587,2594006.34
588,2612020.46
589,2607891.11
590,1219352.07
591,1412123.69
592,3401777.68
593,5755944.1
594,2603133.21
595,2617482.3
596,2620040.29
597,2555613.37
598,2064020.31
599,2611455.18
600,2312727.21
601,1615577.78
602,1627848.38
603,1206935.39
604,5158961.29
605,1306241.32
606,1221407
607,2519831.1
608,920913.97
609,902049.11
610,1387730.57
611,853057.86
612,2297115.69
613,2062587.99
614,2611343.8
615,1867060.95
616,497546.28
617,498163.24
618,214686.38
619,424746.6
620,672986.39
621,383683.27
622,858567.43
623,978365.51
624,1940132.51
625,1904922.4
626,1942019.45
627,3853057.22
628,1305423.16
629,771211.1
630,1181033.26
631,3536964.05
632,2523964.23
633,2629740.65
634,2584503.74
635,1079368.96
636,2589650.9
637,8714181.13
638,2726952.96
639,2706541.15
640,5316197.16
641,33873464.94
642,3413585.75
643,2596089.27
644,2602043.58
645,2612260.69
646,58888736.63
647,2616476.9
648,8770645.47
649,10414929.98
650,40718526.78
651,32195513.92
652,13290624.2
653,22627726.48
654,15596577.94
655,7798963.86
656,15531323.28
657,74694344.6
658,54773630.3
659,39127785.23
660,15663472.55
661,61710772.77
662,1457446.21
663,2196627.87
664,932147.35
665,649130.8
666,1300492.67
667,1163531.44
668,1991871.72
669,953936.7
670,644211.73
671,267053.69
672,384829.1
673,731707.47
674,1290251.47
675,1600211.8
676,2717835.64
677,3744277.69
678,826284.48
679,1007906.92
680,7397571.27
681,2147743.77
682,1474523.58
683,2263054.68
684,2387548.39
685,539453.85
686,214517.6
687,315050.56
688,158059.74
689,488426.28
690,515344.06
691,1531365.41
692,463728.92
693,1322817.32
694,1305493.83
695,18157.38
696,251699.87
697,736531.62
698,509517.76
699,328961.92
700,362482.47
701,472573.95
702,711641.77
703,479152.91
704,441328.71
705,347358.38
706,206428.52
707,212140.73
708,308938.1
709,437273.83
710,187620.48
711,142294.07
712,631269.48
713,614966.24
714,587893.61
715,678986.21
716,271980.68
717,2585765.72
718,160519.24
719,385479.72
720,200222.99
721,93105.27
722,362372.44
723,236147.15
724,83064.61
725,159665.85
726,146583.69
727,295217.62
728,198245.02
729,256176.09
730,682419.83
731,236311.03
732,283552.63
733,175084.96
734,207921.43
735,193642.67
736,303899.09
737,740468.99
738,965780.2
739,318929.78
740,858442.24
741,282562.1
742,547199.12
743,217194.58
744,623610.75
745,354413.67
746,840676.03
747,1307501.65
748,2591348.19
749,956339.08
750,445233.55
751,3420667.81
752,372681.26
753,6803773.41
754,2600119.55
755,2605981.87
756,7280699.45
757,2570997.73
758,3667501.74
759,1314106.73
760,1291674.87
761,776629.03
762,368333.4
763,233674.13
764,599055.8
765,408537.41
766,1173701.02
767,84526.57
768,148076.46
769,1296223.03
770,650921.54
771,196897.67
772,139097.36
773,146373.4
774,169805
775,310899.62
776,485690.58
777,489966.42
778,408628.41
779,2028831.31
780,2614722.15
781,3881725.44
782,69738.01
783,169247.91
784,2228105.05
785,2994733.24
786,1290832.31
787,823438.14
788,2409600.59
789,113115.18
790,363228.18
791,278377.69
792,3530575.57
793,120587.16
794,232974.41
795,84708.79
796,263032.16
797,224742.41
798,166921.04
799,155645.73
800,620749.87
801,149152.55
802,628581.01
803,1259308.45
804,4458631.79
805,2609740.45
806,1570606.36
807,3178643.31
808,6493225.38
809,3199837.47
810,1526547.93
811,2587304.3
812,1657915.12
813,158809.79
814,2146996.04
815,2492770.84
816,88176013.92
817,5494345.41
818,10428570.67
819,46951064.32
820,5205808.89
821,5123585.29
822,1274174.75
823,2385766.19
824,22568110.3
825,26283592.13
826,3272783.6
827,2709776.36
828,1297482.34
829,3839750.37
830,2603714.14
831,2947799.1
832,1344433.33
833,2155600.06
834,2338958.85
835,1869139.8
836,2607120.27
837,2775151.6
838,2666087.05
839,1001578.27
840,955378.61
841,567727.75
842,608980.76
843,413522.34
844,2132007.32
845,3057910.2
846,811753.9
847,1647067.8
848,3227404.82
849,1130276.24
850,1122635.96
851,330911.42
852,674959.21
853,121318.1
854,2600356.58
855,2544513.44
856,2569775.57
857,2835903.72
858,2210964.15
859,241707.94
860,255230.38
861,639720.69
862,2560251.65
863,1210379.41
864,3504278.96
865,1550295.09
866,1084582.61
867,2764825.17
868,569476.38
869,1174392.57
870,425677.82
871,5346309.94
872,2609787.91
873,1982524.89
874,388345.01
875,5494741.68
876,5186247.67
877,2599704.78
878,2587276.18
879,650938.57
880,1297467.87
881,973718.85
882,970396.14
883,405582.76
884,326155.07
885,648798.58
886,649864.92
887,968607.22
888,650665.16
889,326639.37
890,42166814.13
891,2613773.15
892,5232306.96
893,1949601.66
894,655727.63
895,585366.69
896,16769959.7
897,122191.61
898,1191714.85
899,179297.59
900,87124.26
901,523211.11
902,121367.39
903,475747.05
904,557633.44
905,1665125.77
906,5183094.56
907,1159787.25
908,1237480.63
909,287987.11
910,933992.12
911,1249967.76
912,266612.69
913,224658.14
914,2628326.48
915,334640.08
916,724949.76
917,443995.28
918,219223.51
919,2818426.44
920,7822384.05
921,12626120.55
922,306518.61
923,1522518.34
924,5193691.46
925,2642855.15
926,280261.85
927,2631292.33
928,1043872.05
929,671941.82
930,1743600.74
931,1130164.8
932,1423297.3
933,515234.57
934,455638.3
935,2535702.84
936,343913.58
937,466572.86
938,79465.12
939,557860.97
940,458736.26
941,303215.76
942,1350312.38
943,567786.18
944,2615955.6
945,10425931.94
946,354367.15
947,695993.63
948,2601821.95
949,654910.54
950,1313996.25
951,1279827.72
952,2659656.88
953,1766042.79
954,2562122.93
955,484953.04
956,709355.77
957,948294.97
958,267638.91
959,103521.69
960,343823.06
961,1036373.93
962,306082.82
963,971926.23
964,336194.73
965,318870.2
966,1306954.31
967,1302433.42
968,469708.23
969,861638.51
970,229484.69
971,273708.27
972,602490.97
973,553291.61
974,652293.71
975,294510.21
976,385932.45
977,327445.38
978,861235.84
979,871289.37
980,683583.96
981,2580161.55
982,999985.26
983,920671.8
984,344086.45
985,352774.59
986,2074964.89
987,857620.77
988,1195085.86
989,1464164.89
990,1285707.64
991,1284152.4
992,1018540.82
993,265705.14
994,294759.75
995,265540.59
996,240473.73
997,1042909.47
998,1063100.53
999,1239317.47
1000,10686787.83
1001,1721455.61
1002,1283623.17
1003,1840858.18
1004,4262868.8
1005,6064400.68
1006,689803.66
1007,1223611.75
1008,1494098.59
1009,1213041.11
1010,921168.49
1011,7815446.14
1012,13894986.13
1013,40160035.2
1014,23674495
1015,37029004.29
1016,2469666.62
1017,36772881.27
1018,414077.61
1019,169310165.6
1020,1000601.3
1021,391394.41
1022,131903216.2
1023,175206.43
1024,824802.42
1025,51800512.58
1026,33170717.19
1027,8475573.51
1028,261486507.3
1029,47122348.36
1030,180803470
1031,637988642.5
1032,17492419.82
1033,12541479.92
1034,32263394.1
1035,11940920.31
1036,22806511.21
1037,15685395.08
1038,35853010.4
1039,40969346.93
1040,17758585.41
1041,15732305.06
1042,31291854.78
1043,70710729.42
1044,128968661.5
1045,76439908.14
1046,1757052.27
1047,13703101.6
1048,25558422.43
1049,7366570.76
1050,3944916.78
1051,1658212.8
1052,3296505.68
1053,48473648.83
1054,16745925.91
1055,169885214
1056,37783981.72
1057,56743937.29
1058,102197972.5
1059,67415205.17
1060,1400931.12
1061,5221473.09
1062,960409.51
1063,520185.89
1064,45962428.29
1065,1135061.91
1066,31151111.5
1067,44380160.88
1068,35044859.77
1069,10245212.87
1070,5421741.23
1071,247770.58
1072,982634.66
1073,913065.56
1074,922506.05
1075,1138817.83
1076,833839.28
1077,549528.02
1078,6902187.3
1079,24321725.58
1080,7328514.4
1081,113160261.6
1082,466083.11
1083,2596765.97
1084,13713598.69
1085,243820.99
1086,2674930.9
1087,15606572.32
1088,771377.77
1089,223581.09
1090,266613.94
1091,413385.86
1092,298599.97
1093,2459561
1094,6368880.89
1095,1450474.45
1096,6058255.67
1097,2617523.54
1098,2747191.81
1099,2614787.05
1100,605893.79
1101,4491119.97
1102,1552657.57
1103,4042340.5
1104,5150217.07
1105,7484932.97
1106,13101768.56
1107,2589300.99
1108,3678006.85
1109,5930007.85
1110,2612144.75
1111,4522166.04
1112,2730448.61
1113,2115244.9
1114,2416238.89
1115,2213497.08
1116,2542245.57
1117,0.018726227
1118,0.018560697
1119,0.018831907
1120,0.018746358
1121,0.019271708
1122,0.018840045
1123,0.018447592
1124,0.014542711
1125,0.004081238
1126,0.009283904
1127,0.01840585
1128,0.013882248
1129,0.018576399
1130,0.016841642
1131,0.007125712
1132,0.01662524
1133,0.008638982
1134,0.009215022
1135,0.018795225
1136,0.018578007
1137,0.018561668
1138,0.009464128
1139,0.015687831
1140,0.015440917
1141,0.031634986
1142,0.007642989
1143,0.030440867
1144,0.014904579
1145,0.013595952
1146,0.009318905
1147,0.017131907
1148,0.03541941
1149,0.114725642
1150,0.03898808
1151,0.04939128
1152,0.084169512
1153,0.020690549
1154,0.042528112
1155,0.018725926
1156,0.009235384
1157,0.018613654
1158,0.009326758
1159,0.018544068
1160,0.018690592
1161,0.034888939
1162,0.028909874
1163,0.015573651
1164,0.015493833
1165,0.033623589
1166,0.028956584
1167,0.040153482
1168,0.007331181
1169,0.03279107
1170,0.050677482
1171,0.227585576
1172,0.018975893
1173,0.018585142
1174,0.01893293
1175,0.009406334
1176,0.009195426
1177,0.008223985
1178,0.01375569
1179,0.279642067
1180,0.008884631
1181,0.009237425
1182,0.015808642
1183,0.015598862
1184,0.015780731
1185,0.01543165
1186,0.023402558
1187,0.008316637
1188,0.019905414
1189,0.10401492
1190,0.007820391
1191,0.018695008
1192,0.069627301
1193,0.027971163
1194,0.032412776
1195,0.002121296
1196,0.037467543
1197,0.033103084
1198,0.040368009
1199,0.003380542
1200,0.096686584
1201,0.038227377
1202,0.014086422
1203,0.009761416
1204,0.020831002
1205,0.018568741
1206,0.009214952
1207,0.018654175
1208,0.009383505
1209,0.009410917
1210,0.018632637
1211,0.004684045
1212,0.009316312
1213,0.009584345
1214,0.020546073
1215,0.037823133
1216,0.041062544
1217,0.016644217
1218,0.01732734
1219,0.089634928
1220,0.017017087
1221,0.007975692
1222,0.015465072
1223,0.015411589
1224,0.015684651
1225,0.015569826
1226,0.015242911
1227,0.007148601
1228,0.009129238
1229,0.018618215
1230,0.018422225
1231,0.0093081
1232,0.009269682
1233,0.009335695
1234,0.018457533
1235,0.009530498
1236,0.032046041
1237,0.031415435
1238,0.009147714
1239,0.021021331
1240,0.02170147
1241,0.013884404
1242,0.009734591
1243,0.03015761
1244,0.005174433
1245,0.059537239
1246,0.017996983
1247,0.016744047
1248,0.031303506
1249,0.017579279
1250,0.007774137
1251,0.015655953
1252,0.015701954
1253,0.01547406
1254,0.007735176
1255,0.031131893
1256,0.12895547
1257,0.084404438
1258,0.025575183
1259,0.017180436
1260,0.0595882
1261,0.511372741
1262,0.0536266
1263,0.009372546
1264,0.009112531
1265,0.018959045
1266,0.009568111
1267,0.095585667
1268,0.019832005
1269,0.016347006
1270,0.017525204
1271,0.018539036
1272,0.009233225
1273,0.009229091
1274,0.018769534
1275,0.009343094
1276,0.009354759
1277,0.014142397
1278,0.053905291
1279,0.013179118
1280,0.040858439
1281,0.031168419
1282,0.031277141
1283,0.036396188
1284,0.014963506
1285,0.008875829
1286,0.016084635
1287,0.015519321
1288,0.186644444
1289,0.143321708
1290,0.198848325
1291,0.066554703
1292,0.009081243
1293,0.009359661
1294,0.018635675
1295,0.009490707
1296,0.018292371
1297,0.018372945
1298,0.043535227
1299,0.061051167
1300,0.030848881
1301,0.023838661
1302,0.013399919
1303,0.009143335
1304,0.009531792
1305,0.009224524
1306,0.01466328
1307,0.009366882
1308,0.009454051
1309,0.009295039
1310,0.0140687
1311,0.018359054
1312,0.021014077
1313,0.015046354
1314,0.012142668
1315,0.0235976
1316,0.010770906
1317,0.019075827
1318,0.031424797
1319,0.027551483
1320,0.02538244
1321,0.015549859
1322,0.06124413
1323,0.062997416
1324,0.172010046
1325,0.044447608
1326,0.04397843
1327,0.030793126
1328,0.079681823
1329,0.115251577
1330,0.114156949
1331,0.009443882
1332,0.009128217
1333,0.005320146
1334,0.101435156
1335,0.344134491
1336,0.012345892
1337,0.01149608
1338,0.009384236
1339,0.01882324
1340,0.150215172
1341,0.0502591
1342,0.09873581
1343,0.036413813
1344,0.009386919
1345,0.018741554
1346,0.029448608
1347,0.050774059
1348,0.0155199
1349,0.008836806
1350,0.009117391
1351,0.009075704
1352,0.019310696
1353,0.006338588
1354,0.011811418
1355,0.009226503
1356,0.009304399
1357,0.02255345
1358,0.029630882
1359,0.018164697
1360,0.019202135
1361,0.062408592
1362,0.064957236
1363,0.03363811
1364,0.040474931
1365,0.00712076
1366,0.035473356
1367,0.035672021
1368,0.019333287
1369,0.031275927
1370,0.016121801
1371,0.018679555
1372,0.047024573
1373,0.080378258
1374,0.014360557
1375,0.016409111
1376,0.024932111
1377,0.22930913
1378,0.033214459
1379,0.054708067
1380,0.020782096
1381,0.017373126
1382,0.346882604
1383,0.060261344
1384,0.044966553
1385,0.036086465
1386,0.004675899
1387,0.006431505
1388,0.008174747
1389,0.009317436
1390,0.008589812
1391,0.009461852
1392,0.028446503
1393,0.450164466
1394,0.098198445
1395,0.028481824
1396,0.088624636
1397,0.018232736
1398,0.018479793
1399,0.065181575
1400,0.011458032
1401,0.024649394
1402,0.024605932
1403,0.014547648
1404,0.004125898
1405,0.031254388
1406,0.015329549
1407,0.13140257
1408,0.014146083
1409,0.037819472
1410,0.106135204
1411,0.265702133
1412,3.631304518
1413,0.030066891
1414,0.014879081
1415,0.007775775
1416,0.015316642
1417,0.106078891
1418,0.037637021
1419,0.036693613
1420,0.080535029
1421,0.132824102
1422,0.462551913
1423,0.247145791
1424,1.191531621
1425,0.596283441
1426,0.020331332
1427,0.007021024
1428,0.011074301
1429,0.006758739
1430,0.027354803
1431,0.013316911
1432,0.020645681
1433,0.494621527
1434,0.703344179
1435,0.193728694
1436,2.158040635
1437,0.027434748
1438,0.293103655
1439,0.018292411
1440,0.032944305
1441,0.047050483
1442,0.079267085
1443,0.014494519
1444,0.0621798
1445,0.029299779
1446,0.014225048
1447,0.035361926
1448,0.198716436
1449,0.051368336
1450,0.113523622
1451,0.061313588
1452,0.035256152
1453,0.104801993
1454,0.088965644
1455,0.082154294
1456,0.23169284
1457,0.354118004
1458,0.124859756
1459,0.214007414
1460,0.043559421
1461,0.040007974
1462,0.110804792
1463,0.024501347
1464,0.588072016
1465,0.206055815
1466,0.091688296
1467,0.074576469
1468,0.007500351
1469,2.282150213
1470,0.10225102
1471,0.060595759
1472,0.104812107
1473,0.163800855
1474,0.028697266
1475,0.034633845
1476,0.140959208
1477,0.381710195
1478,0.006907145
1479,0.156496189
1480,0.517561941
1481,0.035270645
1482,0.034753354
1483,0.230719506
1484,0.047274794
1485,0.020779535
1486,0.105688016
1487,0.048440349
1488,0.013768959
1489,0.151406506
1490,0.32766139
1491,0.242155948
1492,0.060165458
1493,2.521666712
1494,0.211491957
1495,0.185234476
1496,0.034606122
1497,0.029527846
1498,0.09568204
1499,1.680850121
1500,0.021931195
1501,0.077892283
1502,0.049218105
1503,0.115337865
1504,0.093302751
1505,0.191169025
1506,0.115713452
1507,0.683889217
1508,0.477790793
1509,0.136568822
1510,0.006805885
1511,0.041651762
1512,0.074037909
1513,0.240752374
1514,0.126504134
1515,0.054801235
1516,0.049957739
1517,0.054917207
1518,0.077482677
1519,0.474157567
1520,0.083819074
1521,0.7154914
1522,0.884309932
1523,0.229772345
1524,1.962190482
1525,2.840175591
1526,0.107151376
1527,0.038460884
1528,0.051024662
1529,0.06403131
1530,0.06835641
1531,0.031645003
1532,0.045796988
1533,0.351702371
1534,0.057352479
1535,0.264164055
1536,0.211538863
1537,0.240656102
1538,0.081155339
1539,0.049199694
1540,0.018950163
1541,0.009116718
1542,0.033018589
1543,0.828181437
1544,0.090547478
1545,0.023988104
1546,0.113671728
1547,1.796568336
1548,0.651364387
1549,0.643598955
1550,0.363052975
1551,0.210677874
1552,0.080926369
1553,0.142824506
1554,0.08117789
1555,0.05612652
1556,0.023553495
1557,0.082239789
1558,0.073564723
1559,0.126163946
1560,0.027249679
1561,0.041717891
1562,0.013661271
1563,0.104626903
1564,0.028821622
1565,0.143404031
1566,0.122370988
1567,0.072921964
1568,0.089530179
1569,0.040272146
1570,0.050183353
1571,0.051006387
1572,0.045021943
1573,0.086783105
1574,0.059829979
1575,0.956688151
1576,0.239509837
1577,0.079798364
1578,0.099864895
1579,0.230910134
1580,0.039795097
1581,1.624249876
1582,0.873991731
1583,0.301589747
1584,0.166561767
1585,0.064908892
1586,0.032067604
1587,0.075998695
1588,0.043101856
1589,0.080104428
1590,0.028817624
1591,0.993925725
1592,0.770170591
1593,0.206840229
1594,0.098020678
1595,0.250002577
1596,0.102118312
1597,0.044942361
1598,0.024975319
1599,0.192783606
1600,0.05911357
1601,0.077004234
1602,0.015074212
1603,0.006893583
1604,0.034412103
1605,0.173625458
1606,1.006972184
1607,0.122214998
1608,0.237318574
1609,1.004399081
1610,0.039233814
1611,0.047312193
1612,0.059631479
1613,0.035858114
1614,0.028137864
1615,0.006017361
1616,0.012598465
1617,0.100160886
1618,4.022305006
1619,1.002645892
1620,0.109849372
1621,0.060690349
1622,0.021959645
1623,0.042592127
1624,0.047596815
1625,0.073647267
1626,0.020652687
1627,2.006312322
1628,0.502498464
1629,0.145026492
1630,0.022037033
1631,0.046271765
1632,0.083063875
1633,0.051504309
1634,0.017317031
1635,0.042679515
1636,0.04714252
1637,0.019454325
1638,0.017584302
1639,0.035965527
1640,0.024103157
1641,3.410884364
1642,0.369340724
1643,0.166773441
1644,0.109566377
1645,0.021467316
1646,0.35453871
1647,0.041969951
1648,0.01431425
1649,0.015502248
1650,0.028684852
1651,0.74701901
1652,0.359952254
1653,0.182647638
1654,0.112385859
1655,0.094712175
1656,0.034618997
1657,0.056260421
1658,0.066667134
1659,0.074413791
1660,0.045515503
1661,0.091182839
1662,0.023690509
1663,0.059098923
1664,0.044358832
1665,0.03772612
1666,0.010145335
1667,0.013253978
1668,0.056158757
1669,0.018130444
1670,0.020766028
1671,0.04071795
1672,0.045892311
1673,0.079339707
1674,0.037003748
1675,1.902963817
1676,0.590128256
1677,0.096134724
1678,0.339439069
1679,0.009308795
1680,0.004778156
1681,0.133942665
1682,0.105752647
1683,0.061149299
1684,0.065216832
1685,0.026379757
1686,0.01520964
1687,0.070739762
1688,0.054654219
1689,0.070521005
1690,0.118931589
1691,0.106973653
1692,0.064545286
1693,0.024520548
1694,0.043460222
1695,0.008669498
1696,0.040396304
1697,0.017889863
1698,0.068592249
1699,0.033242935
1700,0.177137423
1701,0.078673597
1702,0.023477741
1703,0.035982083
1704,0.032397359
1705,0.048672014
1706,0.150275034
1707,0.043579985
1708,0.036798709
1709,0.040522027
1710,0.08035723
1711,0.02728737
1712,0.191887917
1713,0.388553564
1714,0.025060447
1715,0.107563252
1716,0.03400757
1717,0.024589196
1718,0.041179173
1719,0.00631882
1720,0.008312547
1721,0.006878452
1722,1.118445898
1723,0.023414851
1724,0.05709629
1725,0.005985712
1726,0.04698924
1727,0.055575851
1728,0.157251271
1729,0.039854294
1730,0.013402721
1731,0.027358688
1732,0.021422542
1733,0.021103214
1734,0.018746379
1735,0.003589951
1736,0.030262099
1737,0.031009128
1738,0.015073178
1739,0.016196394
1740,0.017416003
1741,0.06166273
1742,0.026660027
1743,0.019830442
1744,0.040839805
1745,0.018728084
1746,0.074024782
1747,0.018115351
1748,0.016710533
1749,0.044826624
1750,0.018409564
1751,0.069136545
1752,0.006497827
1753,0.009960873
1754,0.028365327
1755,0.016829562
1756,0.021917638
1757,0.004530439
1758,0.009483377
1759,0.00735537
1760,0.004597877
1761,19860764.55
1762,2323737933
1763,25879192.23
1764,1177692096
1765,580162067.5
1766,602203442.6
1767,475821608.8
1768,843962594.2
1769,147062014.2
1770,401089823.1
1771,269335306.1
1772,961925099.5
1773,655161758
1774,47318979
1775,3980128.41
1776,2335604.05
1777,319270113.8
1778,2132832.82
1779,921441033.6
1780,2344846.27
1781,785620543.4
1782,7469393.79
1783,3464052.48
1784,1634359923
1785,10604816.47
1786,5189716.21
1787,3930262.53
1788,81882693.05
1789,737337451
1790,457118252.5
1791,79497662.7
1792,31681377.74
1793,60357549.94
1794,2348181928
1795,914987.65
1796,2041178.46
1797,6378711.58
1798,4017230.74
1799,5562463.15
1800,1036657186
1801,260514655.9
1802,8094404.34
1803,3253336.85
1804,14528780.6
1805,830316382
1806,433449036.3
1807,2755565.22
1808,353510790.1
1809,109953817.6
1810,123327589.8
1811,55048792.74
1812,482108882.6
1813,684323857.9
1814,121156415
1815,13257316.4
1816,1576128338
1817,4583640.47
1818,2856324.64
1819,21944566.66
1820,75069978.17
1821,269555747.2
1822,369763730.1
1823,2199104.63
1824,1123105242
1825,949632329.3
1826,1729913846
1827,732219045.3
1828,12466863.47
1829,490783671.6
1830,2484218264
1831,677941401.6
1832,1577215340
1833,6945872.92
1834,1034887707
1835,379608769.5
1836,480803699.6
1837,1292510008
1838,132571926.6
1839,507005600.1
1840,359008594.9
1841,14705668.9
1842,303027977.6
1843,5403718.36
1844,2137620941
1845,1839120147
1846,4801602.98
1847,59639863.79
1848,33390834.63
1849,973433026.8
1850,10350593.43
1851,1658159110
1852,10718576.83
1853,5972897.35
1854,301360570.8
1855,13022754.25
1856,2110171297
1857,1290073377
1858,139004796
1859,6853181.81
1860,4570032869
1861,4872067282
1862,83470249.36
1863,40723979.97
1864,10058199.74
1865,26481763.56
1866,4077708148
1867,588552672.4
1868,5060630801
1869,3014615302
1870,690740485.1
1871,11400284.22
1872,962939473.8
1873,27759097.71
1874,4357138.05
1875,260676752.3
1876,796162695.4
1877,84437030.75
1878,128895086.6
1879,2609079.96
1880,8167878.18
1881,2769547.95
1882,2606199.03
1883,319658459.1
1884,72082118.52
1885,306011426.3
1886,192669243.2
1887,2498229062
1888,2136659085
1889,68273652.33
1890,14985883.42
1891,819689857.1
1892,290379224.2
1893,6608171.04
1894,942891075.6
1895,7046986.68
1896,66860592.13
1897,75678269.8
1898,73096593.33
1899,45513028.04
1900,800777.5
1901,2749544.77
1902,3099369.36
1903,34040971.02
1904,196110941.3
1905,22482813.58
1906,162124775.6
1907,150871499.3
1908,9167546547
1909,608321705.4
1910,24328170.99
1911,1288154.26
1912,1667241736
1913,1248510.39
1914,921868329.1
1915,93804724.49
1916,239047428.2
1917,4119969.51
1918,3693825.81
1919,5202267.59
1920,358470889.3
1921,114465539.5
1922,25709270.84
1923,30622905.2
1924,25908815.82
1925,16703606.49
1926,2703638.56
1927,7716518
1928,94664589.76
1929,37541150.45
1930,636401049.6
1931,206466342.3
1932,152168818.1
1933,10881193.13
1934,36038555.72
1935,34281750.7
1936,119449484.1
1937,6621827.37
1938,436932678.5
1939,3668732.22
1940,5435623.95
1941,4600316.24
1942,32043566.79
1943,1608299.51
1944,561999995.6
1945,86816583.6
1946,374778563.5
1947,182522375
1948,5500608.59
1949,7078924.5
1950,3991841853
1951,39052903.82
1952,6350181724
1953,4236360.83
1954,486166045.3
1955,301140257.5
1956,451212744.2
1957,496847103.8
1958,776325255.3
1959,1972967.16
1960,1897648.66
1961,196952758.8
1962,823703218.5
1963,573018894.4
1964,22186909.36
1965,156923769.9
1966,70948093.37
1967,11013095.88
1968,104948667.4
1969,164448995.5
1970,2510222.65
1971,822057844.6
1972,98291964.77
1973,1232375495
1974,42720413.07
1975,1380263.61
1976,33058405.8
1977,812044.83
1978,29953825.27
1979,3388819.57
1980,30900957.97
1981,5495414.9
1982,11736478.69
1983,87875386.97
1984,102424819.5
1985,269922821.3
1986,820946.7
1987,23902560.9
1988,15557535.23
1989,34960222.61
1990,37946743.66
1991,4764053.01
1992,1084767441
1993,1581980522
1994,1167616173
1995,12288160.02
1996,144772065.4
1997,205305585.1
1998,375867997.6
1999,7498458573
2000,40472697.25
2001,583445265.9
2002,7281448
2003,32293606.86
2004,32709649.23
2005,41942665.63
2006,6815834.64
2007,21965924.06
2008,16203129.64
2009,1154810560
2010,585682981.4
2011,4320668.48
2012,216815685.7
2013,1746784637
2014,17486728
2015,2044266709
2016,17307047.8
2017,2991991.27
2018,4214838271
2019,3943086.7
2020,1322059.06
2021,73121624.57
2022,84755920.14
2023,613445704
2024,48838303
2025,178147408.3
2026,1044051.33
2027,158545012.2
2028,165428699.5
2029,44812303.78
2030,14649451.95
2031,5202826.98
2032,2658457.05
2033,1440994.01
2034,10153743.23
2035,2747361.01
2036,17152485.2
2037,75534057.96
2038,1494239615
2039,68611860.51
2040,15548464.45
2041,31385224.72
2042,101028138.9
2043,7113134.05
2044,9193084.11
2045,60070706.76
2046,1467249.16
2047,440592163.1
2048,58132321.36
2049,1438335083
2050,25115885.64
2051,671074.47
2052,1812232.69
2053,14610215.15
2054,7303171.9
2055,51764586.3
2056,942544713
2057,5277832.64
2058,8452605977
2059,143111859.2
2060,120965418
2061,2068691161
2062,1705301677
2063,35488290.3
2064,8406011.65
2065,224595358.6
2066,95739946.3
2067,136068653.2
2068,186834930.4
2069,487135775
2070,2855502578
2071,4351790995
2072,542197203.6
2073,11479470314
2074,59744820.43
2075,2631015.24
2076,4084377.4
2077,44513857.53
2078,34408331.2
2079,985298496.5
2080,88984202.86
2081,1062477388
2082,10479185.12
2083,120811615.2
2084,7788816.61
2085,51909158.99
2086,7749625.86
2087,36415196.62
2088,136496864.2
2089,495469178.4
2090,1826552.62
2091,841392.75
2092,553796512.4
2093,423326674.5
2094,461947320.6
2095,1445287778
2096,119847392.6
2097,4547668.4
2098,397968903.9
2099,306968128.2
2100,362499945.9
2101,4900388.74
2102,41366594.72
2103,88143676.29
2104,17888387.56
2105,8788073.71
2106,13692660.07
2107,1442900196
2108,834022765.3
2109,829808402.1
2110,585323507
2111,231798068.7
2112,569899.58
2113,1483022.81
2114,2390457.3
2115,3833003.69
2116,2586233.81
2117,2384456.21
2118,1099861.61
2119,1306433.46
2120,3858536673
2121,5801940125
2122,1609898.33
2123,17759576.52
2124,1101993.66
2125,8240840.89
2126,11736060.32
2127,640942.37
2128,90030829.93
2129,165116388.3
2130,64708.5
2131,28883982.3
2132,20119182.38
2133,7832906.17
2134,1180294.84
2135,4476243.94
2136,488554.13
2137,432119.92
2138,845570.68
2139,1044652.09
2140,1166110.71
2141,8884560.76
2142,68529095
2143,5848839.71
2144,986715.25
2145,835094.77
2146,472280.06
2147,565537.05
2148,1320286.49
2149,892718.87
2150,196647.19
2151,3134033.66
2152,398835.24
2153,311097.86
2154,1274453.23
2155,1675945.4
2156,1198601.93
2157,8874495
2158,6190265.41
2159,1557658.1
2160,2052590.73
2161,8247618.15
2162,5561107.62
2163,312454.67
2164,2315872.05
2165,1385370.13
2166,1190003.35
2167,1279965.52
2168,5930475.55
2169,1763460.22
2170,3002315.46
2171,3980587.88
2172,12615051.37
2173,15451742.95
2174,4021451.23
2175,286367.89
2176,494763377.6
2177,297160113.8
2178,1067680210
2179,7802655.56
2180,765409965.1
2181,52687170.99
2182,3530746563
2183,1260148176
2184,293700762.1
2185,120955673.6
2186,265106520.6
2187,5120392.1
2188,49051319.07
2189,66592584.88
2190,818196.37
2191,560348.82
2192,162327.81
2193,123470.2
2194,122593.93
2195,156731.45
2196,85724.9
2197,687399.88
2198,326864.29
2199,472432.14
2200,143991.17
2201,438740.48
2202,81664.24
2203,718216.49
2204,297887.73
2205,165422.15
2206,329375.49
2207,102029.38
2208,103324.59
2209,3325251.4
2210,656287.01
2211,831701.51
2212,701017.93
2213,3757474.07
2214,615504.15
2215,207987.73
2216,111398.22
2217,444489.64
2218,1028612.72
2219,584448.98
2220,134106.47
2221,1078747.52
2222,583332.57
2223,2432786.1
2224,2066406.08
2225,470752.71
2226,3004730.73
2227,3144763.03
2228,560805.1
2229,4012995.16
2230,4422248.01
2231,173017.96
2232,1163560.29
2233,2188067.39
2234,2341150.71
2235,1091070.08
2236,2247465.59
2237,18163371.54
2238,856743.11
2239,2985777.26
2240,1608568.6
2241,328989.77
2242,580166.24
2243,1618139.31
2244,956225.74
2245,7577367.67
2246,1346122.02
2247,2697237.99
2248,1582375.32
2249,1070305.46
2250,1543154.68
2251,724975.99
2252,1320922.48
2253,2510036.34
2254,1199188.03
2255,1272727.4
2256,217601.62
2257,331795.29
2258,8330526.88
2259,2184359.07
2260,47008797.37
2261,615610.73
2262,692558.86
2263,1476824.95
2264,32659192
2265,97243354.87
2266,2024387.41
2267,303777.68
2268,7948434.54
2269,6607751.99
2270,4218202.68
2271,67648011.32
2272,28641631.22
2273,343470812.9
2274,101987076.7
2275,2477395.79
2276,2052400.81
2277,242065104.1
2278,4261571.25
2279,5543633.29
2280,340644.12
2281,10016882.96
2282,3307003.98
2283,4465779.92
2284,4783646.51
2285,255074.87
2286,932835.68
2287,316568.88
2288,219606.91
2289,885651.06
2290,1422119.74
2291,2666835.47
2292,76356922.02
2293,1109254.28
2294,3244698.41
2295,1656771.71
2296,1763244.66
2297,325335.66
2298,219914.72
2299,4563760.43
2300,5250737.01
2301,4257958.66
2302,2825359.74
2303,9761442.05
2304,1828758.08
2305,570787.42
2306,33401090.77
2307,539043.93
2308,747002.92
2309,740802.43
2310,326973.99
2311,636402.07
2312,44671258.66
2313,5615908.57
2314,608118.27
2315,1154803.29
2316,309841.02
2317,399572.24
2318,341811.15
2319,1068331.81
2320,219437.16
2321,237094.83
2322,38054.62
2323,37681.77
2324,90669.01
2325,46537
2326,37313.94
2327,223464.54
2328,341419.05
2329,521405.53
2330,426105.14
2331,444925.05
2332,231708.68
2333,197419.97
2334,91252.64
2335,571691.18
2336,153483.85
2337,75840.13
2338,59543.87
2339,223390.3
2340,619602.59
2341,416239.41
2342,816315.54
2343,626653.04
2344,571434.12
2345,587224.28
2346,833899.29
2347,394763.48
2348,544556.99
2349,327976.93
2350,373315.42
2351,1077400.91
2352,870606.76
2353,1433664.44
2354,801654.38
2355,861541.31
2356,707661.71
2357,445653.69
2358,601005.54
2359,418115.91
2360,2446143.37
2361,378428.65
2362,640506.93
2363,426548.6
2364,819804.4
2365,1641847.35
2366,1053582.98
2367,421245.39
2368,438481.33
2369,1210371.59
2370,2025587.51
2371,1367112.5
2372,1274349.71
2373,1878441.22
2374,3450440.74
2375,1723041.49
2376,65280164.68
2377,7773712.39
2378,622274.81
2379,843396.78
2380,566834.95
2381,2523123.53
2382,1126727.72
2383,488626.58
2384,751659.25
2385,338371.3
2386,254873.71
2387,1303846.71
2388,229378.25
2389,10273036.19
2390,57425092.83
2391,1075668.05
2392,1083350.72
2393,2102437.46
2394,55530879.4
2395,654735.55
2396,1514719.09
2397,670815.17
2398,4533525.31
2399,6879165.9
2400,4813109.88
2401,4719232.21
2402,1644304.52
2403,55555715.22
2404,2711379.08
2405,1533170.18
2406,4661514.38
2407,544830.3
2408,685157.22
2409,482050.57
2410,929050.47
2411,1863275
2412,56654.77
2413,43455.6
2414,161991.36
2415,238783.67
2416,660746.59
2417,336916.35
2418,400560.63
2419,640071.3
2420,476853.2
2421,432712.8
2422,443911.44
2423,329962.65
2424,483747.21
2425,503937.67
2426,524853.08
2427,368776.07
2428,516833.39
2429,621658.2
2430,489983.52
2431,239043.23
2432,134302.87
2433,548692.71
2434,234467.72
2435,261848.47
2436,657486.98
2437,476579.38
2438,321956.7
2439,644714.77
2440,481070.91
2441,503530.77
2442,497938.74
2443,257387.62
2444,474886.2
2445,272433.78
2446,105892.11
2447,240211.79
2448,290667.25
2449,11772642.02
2450,825383.33
2451,324365.32
2452,529661.24
2453,690859.46
2454,555575.59
2455,570252.9
2456,454790.65
2457,441696.08
2458,245391.65
2459,476060.93
2460,206925.22
2461,247426.41
2462,195860.36
2463,794967.03
2464,211963.52
2465,306694.45
2466,413358.95
2467,192679.84
2468,472650.78
2469,209518.62
2470,386008.15
2471,737844.31
2472,510677.43
2473,1342440.92
2474,350679.75
2475,286999.16
2476,429741.6
2477,194280.87
2478,579081.98
2479,709908.58
2480,651711.45
2481,36327
2482,647480.49
2483,460279.27
2484,1609625.72
2485,1285554.36
2486,463189.28
2487,266479.91
2488,321951.05
2489,492003.79
2490,583665.81
2491,428684.45
2492,736224.73
2493,287406.81
2494,569631.57
2495,351377.89
2496,213675.46
2497,1343975.25
2498,240641.17
2499,366959.53
2500,461145.93
2501,885340.01
2502,1736376.69
2503,921832.22
2504,324968.11
2505,169988.15
2506,681947.16
2507,305952.36
2508,655921.19
2509,4564767.27
2510,553767.07
2511,22366528.18
2512,357810.94
2513,245175.42
2514,229996.8
2515,360684.88
2516,956709.27
2517,336550
2518,821489.79
2519,687482.35
2520,659863.93
2521,984975.77
2522,656882.68
2523,330881.75
2524,329555.26
2525,538118.4
2526,615594.49
2527,673209.18
2528,572497.13
2529,569769.01
2530,574123.46
2531,326660.9
2532,326699.15
2533,2233321.33
2534,306230.96
2535,657365.23
2536,736161.35
2537,1071393.51
2538,751735.42
2539,1722080.95
2540,1739101.77
2541,427636.93
2542,744990.03
2543,569532.15
2544,658836.42
2545,245897.34
2546,328835.1
2547,666791.21
2548,328155.19
2549,658716.88
2550,667270.53
2551,658997.8
2552,441509.07
2553,487969.59
2554,660074.62
2555,515511.34
2556,392488.49
2557,654966.9
2558,532155.07
2559,656217.03
2560,660683.95
2561,659982.66
2562,659852.56
2563,653622.43
2564,1064731.3
2565,1152082.86
2566,763771.09
2567,1757652.11
2568,8688032.33
2569,6722525.35
2570,1159858.83
2571,312017.59
2572,477957.77
2573,300872.58
2574,1626313.37
2575,379523.72
2576,1700352.26
2577,905412.82
2578,910223.26
2579,331853
2580,1015813.77
2581,352264.18
2582,603689.59
2583,461790.34
2584,760092.28
2585,11136038.44
2586,199906.66
2587,542666.32
2588,3777305.9
2589,10558436.32
2590,1292152.56
2591,4349183.78
2592,37752537.33
2593,1053365.85
2594,3366171.06
2595,356763.6
2596,907195.24
2597,4403376.01
2598,2401934.37
2599,29190120.56
2600,3981629.35
2601,34849408.84
2602,89080845.14
2603,130907223.2
2604,445795.24
2605,112372679.9
2606,271547.12
2607,7131282.01
2608,201218085
2609,17163225.93
2610,9300193.3
2611,42247600.8
2612,1260346.46
2613,497655.95
2614,6141569.1
2615,376767058.7
2616,5184280.67
2617,485239727.5
2618,1303576.65
2619,288344.22
2620,7766399.75
2621,376131.28
2622,1094872.4
2623,654040.93
2624,660183.6
2625,495797.9
2626,340907.54
2627,361980.28
2628,348442.2
2629,290884.06
2630,300224.92
2631,247276.32
2632,410444.47
2633,210704.68
2634,420929.21
2635,510426.14
2636,461251.35
2637,236058.31
2638,563121.58
2639,462108.78
2640,394415.12
2641,1473924.98
2642,518746.34
2643,213079.69
2644,311832.78
2645,351108.52
2646,658909.06
2647,412692.76
2648,427296.23
2649,159789.93
2650,936937.48
2651,572352.65
2652,1164215.66
2653,4716789.38
2654,109579139.1
2655,25530466.53
2656,129267772
2657,5467110.28
2658,2572029.32
2659,528489.3
2660,2208741.43
2661,329216.59
2662,2012526.49
2663,1276855.1
2664,520382.2
2665,2010458.67
2666,448349.53
2667,886575.27
2668,896568.72
2669,2965523.46
2670,5366793.48
2671,2772584.51
2672,5193594.27
2673,4351977.71
2674,2025164.56
2675,577664.3
2676,542792.88
2677,1266200.11
2678,57168.07
2679,10307437.96
2680,706937.52
2681,4175977.8
2682,4967266.72
2683,654993.23
2684,663670.65
2685,323007.64
2686,326967.38
2687,12902522.31
2688,1080379.94
2689,2607133.74
2690,1487943.08
2691,1187388.17
2692,3871504.13
2693,4576356.01
2694,3360268.26
2695,6787625.47
2696,6059235.12
2697,869816.81
2698,8838919.85
2699,2319035.93
2700,3671588.37
2701,5726855.14
2702,8680252.97
2703,20971456.04
2704,916448.06
2705,57541955.19
2706,671329.6
2707,108062019.2
2708,150882528.3
2709,58787772.18
2710,41077287.37
2711,1030865.89
2712,38774983.08
2713,77886319.52
2714,938792.82
2715,386562.04
2716,328478.75
2717,655665.45
2718,747924.34
2719,19898861.87
2720,153254216.5
2721,5728271.55
2722,411072.62
2723,52482.85
2724,1956370.22
2725,3773947.3
2726,382060.55
2727,284441.84
2728,407593.62
2729,318647.93
2730,4033827.58
2731,344355.97
2732,249084.58
2733,836162.23
2734,425454.91
2735,478945.13
2736,323839.77
2737,397005.53
2738,498615.95
2739,693615.93
2740,773695.74
2741,356293.39
2742,516203.81
2743,1070827.86
2744,1240555.94
2745,577047.01
2746,352124.68
2747,1886140.12
2748,292269.13
2749,522301.58
2750,99696.09
2751,2969093.51
2752,1521608.72
2753,3.19E+11
2754,6832693350
2755,9329818927
2756,14422813049
2757,6211595766
2758,6776091418
2759,3166335081
2760,7221621645
2761,9515442435
2762,8164744074
2763,7987877267
2764,25725779158
2765,3724395504
2766,5645376914
2767,1614052835
2768,1.57E+11
2769,2.95E+11
2770,1.51E+11
2771,1.08E+11
2772,1.54E+11
2773,1.49E+11
2774,2.73E+11
2775,17042489735
2776,6952823660
2777,219203214
2778,1.84E+11
2779,1.86E+11
2780,1.63E+11
2781,1.08E+11
2782,1.56E+11
2783,2.23E+11
2784,1.22E+11
2785,1.32E+11
2786,64442909475
2787,32382309662
2788,28142805538
2789,1.70E+11
2790,2.31E+11
2791,1.40E+11
2792,1.97E+11
2793,2.07E+11
2794,1.96E+11
2795,20937429468
2796,31477627305
2797,25409326487
2798,3.19E+11
2799,1.59E+11
2800,1.62E+11
2801,1.88E+11
2802,1.26E+11
2803,1.92E+11
2804,78168066817
2805,1.33E+11
2806,1.47E+11
2807,3631036719
2808,1.01E+11
2809,2.06E+11
2810,1.27E+11
2811,7.20E+11
2812,1.87E+11
2813,9327562791
2814,32109185860
2815,1.30E+11
2816,45992002482
2817,1.14E+11
2818,76983314564
2819,1.59E+11
2820,2.34E+11
2821,25249791315
2822,44430706410
2823,17496026893
2824,3094780229
2825,2663145098
2826,10419497351
2827,11010957081
2828,9.05E+11
