STDM_TAZ,Area
1,55180.77000
2,48183.93000
3,24043.50000
4,16480.94000
5,24184.32000
6,70945.51000
7,24031.78000
8,48052.73000
9,24198.26000
10,36014.24000
11,47582.62000
12,11966.95000
13,36392.69000
14,72043.77000
15,36003.81000
16,107808.43000
17,71753.80000
18,107162.92000
19,35531.60000
20,47968.82000
21,23957.63000
22,48445.66000
23,23868.90000
24,47987.01000
25,47779.82000
26,48262.21000
27,47953.38000
28,23804.93000
29,101196.43000
30,44566.46000
31,48342.31000
32,50090.82000
33,23956.84000
34,23861.73000
35,23914.11000
36,24416.84000
37,25299.43000
38,23944.79000
39,23858.44000
40,24409.15000
41,24320.14000
42,23826.34000
43,22959.60000
44,47947.89000
45,47030.66000
46,22749.11000
47,23730.50000
48,47896.21000
49,431386.07000
50,127715.41000
51,111582.36000
52,4838.06000
53,68933.50000
54,41431.94000
55,49011.68000
56,38004.79000
57,102312.84000
58,28892.04000
59,81795.40000
60,26584.68000
61,123269.44000
62,95686.40000
63,151627.29000
64,46180.76000
65,56219.25000
66,22910.47000
67,11176.55000
68,39546.87000
69,103833.07000
70,116743.38000
71,55931.40000
72,44610.06000
73,132717.28000
74,80805.42000
75,43386.68000
76,242866.23000
77,301584.10000
78,249097.35000
79,2151483.84000
80,2019242.19000
81,339679.52000
82,555946.30000
83,483708.91000
84,290001.57000
85,240474.40000
86,212055.85000
87,105928.09000
88,130936.20000
89,105417.65000
90,524822.37000
91,209955.40000
92,87954.10000
93,302143.59000
94,250475.10000
95,369780.54000
96,259733.10000
97,234350.51000
98,241303.04000
99,237227.59000
100,174829.95000
101,177155.89000
102,168589.60000
103,571268.22000
104,201285.93000
105,219995.92000
106,157127.67000
107,61538.97000
108,117457.82000
109,54956.79000
110,421366.70000
111,452620.44000
112,407211.90000
113,283352.73000
114,491408.53000
115,413386.26000
116,724539.32000
117,218736.90000
118,129014.29000
119,48937.39000
120,405980.84000
121,270260.54000
122,134135.55000
123,76743.80000
124,291413.15000
125,597047.36000
126,1457168.23000
127,324920.75000
128,932695.96000
129,6724776.04000
130,1998173.23000
131,753840.76000
132,844099.49000
133,297576.12000
134,222232.05000
135,644430.79000
136,327633.78000
137,240702.02000
138,326986.95000
139,183790.59000
140,509273.06000
141,387607.04000
142,274689.27000
143,109150.44000
144,274303.10000
145,390671.36000
146,381033.20000
147,619003.60000
148,547981.17000
149,413587.71000
150,822129.08000
151,1881562.12000
152,961816.25000
153,143018.03000
154,75468.52000
155,125074.12000
156,93701.92000
157,141918.21000
158,855160.00000
159,667605.93000
160,10331467.83000
161,5251272.21000
162,4460080.59000
163,226890.55000
164,458469.65000
165,83454.22000
166,660765.37000
167,241273.66000
168,230888.56000
169,4052951.54000
170,4583837.21000
171,4479655.67000
172,23553916.43000
173,6530863.22000
174,2931753.96000
175,2650586.15000
176,14315633.98000
177,8347920.76000
178,1523666.30000
179,73548.37000
180,2695425.62000
181,1148512.82000
182,1813014.74000
183,863444.11000
184,2596286.96000
185,248857.74000
186,2883137.36000
187,4703321.57000
188,3229741.25000
189,630231.17000
190,3553023.87000
191,1771846.79000
192,1301193.53000
193,1558880.31000
194,562626.26000
195,1297399.33000
196,2228903.82000
197,619550.07000
198,705176.80000
199,445198.95000
200,523045.88000
201,508255.87000
202,489171.08000
203,439338.74000
204,522401.83000
205,148124.27000
206,337692.63000
207,645488.13000
208,639611.32000
209,332489.88000
210,327266.23000
211,313607.58000
212,306433.75000
213,398785.05000
214,290950.09000
215,680399.26000
216,494766.02000
217,595378.06000
218,1627742.82000
219,653295.63000
220,1299530.25000
221,655443.34000
222,539253.87000
223,661172.77000
224,663509.07000
225,661712.94000
226,122016.20000
227,503266.46000
228,328277.48000
229,486598.27000
230,331998.52000
231,587907.79000
232,406044.19000
233,836624.69000
234,643904.40000
235,489758.12000
236,162502.12000
237,477136.70000
238,786829.28000
239,475702.70000
240,412157.18000
241,1020142.36000
242,526007.42000
243,267756.81000
244,430001.69000
245,1162067.70000
246,1040522.01000
247,2114595.99000
248,917376.16000
249,1013607.44000
250,450605.92000
251,797812.14000
252,658075.07000
253,659246.66000
254,516618.79000
255,659869.64000
256,655521.58000
257,656431.30000
258,648154.45000
259,942612.75000
260,984928.71000
261,699200.71000
262,1397462.36000
263,647636.90000
264,935247.57000
265,328127.07000
266,735572.68000
267,1205825.15000
268,557333.78000
269,139846.56000
270,825727.76000
271,644576.19000
272,667665.52000
273,644264.03000
274,673475.69000
275,1319552.26000
276,655491.13000
277,1302685.59000
278,489645.84000
279,653481.74000
280,1961016.06000
281,851549.55000
282,806778.11000
283,3022103.93000
284,5287644.03000
285,754587.78000
286,2471437.46000
287,1242381.28000
288,3482954.89000
289,2101486.44000
290,1480307.06000
291,2631221.03000
292,2295944.11000
293,2817680.84000
294,1057296.90000
295,657245.32000
296,1063827.93000
297,568245.77000
298,1359587.88000
299,4737600.22000
300,2683851.05000
301,666360.33000
302,1542699.41000
303,656872.43000
304,2604956.66000
305,2604637.33000
306,2623537.32000
307,1312543.54000
308,1255980.40000
309,1315277.94000
310,664065.06000
311,1317253.57000
312,1760259.93000
313,2587659.81000
314,1073044.93000
315,3393862.95000
316,2310895.76000
317,1476155.06000
318,1148780.23000
319,2626931.07000
320,2824796.30000
321,1596482.22000
322,2603320.35000
323,2573051.65000
324,2182119.90000
325,1776503.97000
326,388516.67000
327,55780.01000
328,334635.56000
329,167908.12000
330,162316.86000
331,709442.13000
332,430733.89000
333,533957.08000
334,307305.07000
335,299355.05000
336,330310.88000
337,255535.51000
338,282056.88000
339,69177.28000
340,557336.02000
341,367103.90000
342,168391.78000
343,161045.22000
344,162611.91000
345,155201.86000
346,165126.52000
347,163298.39000
348,161624.31000
349,162250.40000
350,824526.54000
351,630474.08000
352,288846.48000
353,162328.49000
354,162262.83000
355,148277.78000
356,76664.34000
357,59967.17000
358,163969.14000
359,161997.72000
360,161311.19000
361,161440.65000
362,303199.05000
363,192396.73000
364,150589.64000
365,77574.68000
366,255445.54000
367,65681.64000
368,119039.53000
369,303884.31000
370,144747.30000
371,473475.39000
372,282573.31000
373,155511.80000
374,1055860.20000
375,248761.97000
376,1195041.35000
377,311617.28000
378,322213.97000
379,168733.11000
380,163688.50000
381,162528.15000
382,162626.19000
383,162381.89000
384,162047.61000
385,162452.73000
386,161574.38000
387,160758.02000
388,209107.18000
389,282170.91000
390,109344.63000
391,170992.54000
392,169946.64000
393,132256.42000
394,341677.54000
395,330915.59000
396,439878.75000
397,314097.49000
398,1064911.60000
399,184560.36000
400,532108.05000
401,473753.58000
402,359618.33000
403,892611.37000
404,206939.97000
405,486133.45000
406,650373.48000
407,350921.24000
408,328729.45000
409,326929.73000
410,899101.77000
411,670701.54000
412,656379.71000
413,796746.83000
414,979951.65000
415,554795.06000
416,58945.39000
417,811862.18000
418,707651.21000
419,545045.90000
420,681045.69000
421,476253.72000
422,119716.07000
423,83780.33000
424,538030.20000
425,170281.28000
426,742436.56000
427,519864.36000
428,571852.95000
429,315116.02000
430,471761.00000
431,659025.21000
432,635100.30000
433,653114.98000
434,627720.17000
435,1001802.71000
436,563524.61000
437,185618.25000
438,148112.15000
439,900846.25000
440,884894.55000
441,645631.13000
442,662456.94000
443,481897.33000
444,915367.18000
445,805373.79000
446,650396.51000
447,235125.29000
448,321534.66000
449,155920.25000
450,257909.19000
451,359122.28000
452,519095.94000
453,92569.75000
454,377258.53000
455,316590.01000
456,330584.68000
457,275736.62000
458,289003.32000
459,240916.47000
460,128066.57000
461,132396.97000
462,167871.88000
463,658367.13000
464,136607.69000
465,205750.20000
466,445681.75000
467,125323.89000
468,626110.11000
469,108116.98000
470,81183.09000
471,501600.60000
472,132745.04000
473,474578.11000
474,179922.96000
475,294329.06000
476,327417.05000
477,230172.71000
478,619208.21000
479,110792.12000
480,514574.23000
481,158667.99000
482,331425.32000
483,73273.69000
484,198154.48000
485,133088.39000
486,253877.40000
487,161257.21000
488,209173.11000
489,248894.27000
490,544869.22000
491,388657.76000
492,152091.99000
493,128780.11000
494,548684.50000
495,385375.92000
496,1343984.87000
497,593040.64000
498,166920.12000
499,504721.35000
500,79278.24000
501,285394.00000
502,317834.67000
503,109752.51000
504,180153.40000
505,120802.76000
506,303881.11000
507,70738.30000
508,273544.66000
509,66480.08000
510,677861.84000
511,653343.46000
512,394175.67000
513,579750.79000
514,487866.66000
515,402363.33000
516,278381.27000
517,190568.11000
518,139462.50000
519,184384.31000
520,263660.85000
521,606067.53000
522,117215.02000
523,510075.32000
524,259045.24000
525,214748.22000
526,452531.29000
527,66815.76000
528,132844.98000
529,239309.52000
530,173190.50000
531,248274.71000
532,91947.56000
533,78991.46000
534,248134.76000
535,102838.28000
536,111079.20000
537,93871.11000
538,83975.31000
539,565181.03000
540,648893.33000
541,411955.95000
542,247365.99000
543,371393.37000
544,222089.18000
545,302237.94000
546,272587.93000
547,294677.72000
548,130007.62000
549,277830.75000
550,276117.31000
551,159261.34000
552,158293.58000
553,228311.51000
554,158473.67000
555,78956.25000
556,105530.24000
557,72154.24000
558,268798.27000
559,54313.06000
560,271286.21000
561,271583.13000
562,165113.32000
563,144070.97000
564,284625.20000
565,284447.22000
566,122676.06000
567,152524.63000
568,182390.03000
569,223445.76000
570,260019.89000
571,201813.84000
572,181267.39000
573,198536.20000
574,606255.84000
575,189195.69000
576,224949.15000
577,595624.58000
578,514436.36000
579,262219.84000
580,960500.49000
581,493867.88000
582,176342.23000
583,661134.68000
584,618465.08000
585,636659.76000
586,213109.38000
587,538794.28000
588,916716.85000
589,227393.24000
590,172644.18000
591,216759.38000
592,216434.57000
593,157861.09000
594,531047.31000
595,265436.11000
596,183765.43000
597,223935.88000
598,159840.77000
599,99283.26000
600,88403.63000
601,670150.15000
602,517793.65000
603,483178.53000
604,114381.12000
605,179219.64000
606,567563.15000
607,638927.32000
608,409173.88000
609,572787.11000
610,484689.42000
611,4198560.97000
612,1902738.65000
613,5376391.96000
614,2637655.19000
615,903150.78000
616,375240.89000
617,2101855.60000
618,904128.65000
619,869173.96000
620,572181.19000
621,1784140.11000
622,6797553.99000
623,6613091.73000
624,2672298.93000
625,6267194.93000
626,4070428.15000
627,11899509.21000
628,8962402.47000
629,524036.15000
630,925071.83000
631,3979965.96000
632,832070.13000
633,3630315.68000
634,3351655.91000
635,4544702.82000
636,926194.82000
637,5694552.00000
638,3150003.83000
639,32356899.74000
640,12017520.89000
641,5196213.13000
642,4258603.23000
643,24019175.58000
644,18403271.89000
645,18723633.97000
646,19878419.67000
647,9124553.86000
648,5490919.46000
649,7797601.97000
650,5627259.41000
651,7193224.44000
652,2420464.63000
654,871728.87000
655,706061.50000
656,136117.70000
657,153990.81000
658,96268.63000
659,1553983.26000
660,269079.12000
661,1072898.24000
662,214287.27000
663,357756.37000
664,364822.41000
665,309636.40000
667,168192.50000
668,133619.77000
669,187069.25000
670,136087.51000
671,81811.52000
672,121494.54000
673,228880.44000
674,173869.37000
675,284948.65000
676,186153.28000
677,247630.10000
678,126439.77000
679,148622.72000
680,110412.60000
681,222303.88000
682,156547.37000
683,389603.71000
684,239620.81000
685,185415.52000
686,172696.36000
687,181517.48000
688,360612.25000
689,193049.30000
690,335228.01000
691,248592.92000
692,1149531.90000
693,933032.88000
694,150013.03000
695,105678.85000
696,344277.12000
697,941444.86000
698,1411395.54000
699,662276.31000
700,1032166.83000
701,730613.00000
702,978458.23000
703,647398.65000
704,575867.67000
705,932338.61000
706,3853925.15000
707,409986.64000
708,819173.87000
709,958533.35000
710,800106.90000
711,650951.99000
712,812119.21000
713,642356.65000
714,310245.66000
715,698267.07000
716,1508304.48000
717,1137554.99000
718,792268.77000
719,691126.49000
720,376316.03000
721,205805.28000
722,194460.71000
723,1026050.14000
724,419065.86000
725,491098.48000
726,229372.13000
727,137631.50000
728,55845.51000
729,153342.57000
730,255635.27000
731,127227.69000
732,134849.97000
733,688055.55000
734,289375.66000
735,417799.06000
736,1033358.93000
737,171317.50000
738,2341240.88000
739,364230.94000
740,908077.72000
741,441951.65000
742,316444.51000
743,96834.57000
744,3898464.14000
745,1735945.77000
746,1555308.76000
747,408325.80000
748,164649.85000
749,1842246.14000
750,1312871.19000
751,1557885.28000
752,252410.12000
753,1050793.98000
754,456948.25000
755,1815646.99000
756,310351.50000
757,1477478.50000
758,1466046.68000
759,1483273.12000
760,662944.59000
761,657774.19000
762,655582.91000
763,520932.79000
764,514890.07000
765,638610.58000
766,526525.64000
767,476169.46000
768,1083036.61000
769,787167.27000
770,678838.55000
771,2037039.91000
772,368210.73000
773,1301273.73000
774,1235355.26000
775,4383433.98000
776,2184497.07000
777,2713534.84000
778,1094936.73000
779,11244693.79000
780,6591320.26000
781,5854231.99000
782,12467205.55000
783,8202864.71000
784,8199280.58000
785,4086846.51000
786,4047825.61000
787,14371980.77000
788,5043997.75000
789,6547601.44000
790,9786649.66000
791,6363682.20000
792,3726770.42000
793,5990592.53000
794,3242736.52000
795,2583757.09000
796,1874586.60000
797,5699363.19000
798,2739262.45000
799,1288960.12000
800,1795451.41000
801,1338909.40000
802,1312699.91000
803,12282262.19000
804,3310103.82000
805,1900271.81000
806,7462645.44000
807,9942961.85000
808,1128902.39000
809,611156.43000
810,310945.12000
811,470432.23000
812,656609.68000
813,334322.39000
814,1296256.46000
815,1166334.15000
816,487496.87000
817,646725.91000
818,648346.21000
819,449533.80000
820,242520.13000
821,314163.48000
822,161365.86000
823,159676.14000
824,493652.31000
825,162034.52000
826,86489.68000
827,84466.75000
828,1293864.57000
829,991138.84000
830,974281.26000
831,1954747.76000
832,1736029.92000
833,459177.97000
834,1908911.54000
835,639529.58000
836,636718.61000
837,4925339.05000
838,1565432.52000
839,3317858.39000
840,1437716.60000
841,903951.18000
842,1411945.75000
843,912554.50000
844,654544.36000
845,653768.23000
846,389694.57000
847,662760.41000
848,900564.02000
849,661526.11000
850,408288.75000
851,1301338.19000
852,212441.93000
853,323198.06000
854,324243.22000
855,319349.22000
856,116659.45000
857,653345.22000
858,982113.07000
859,648381.69000
860,699930.25000
861,632787.44000
862,499100.35000
863,472989.13000
864,649705.03000
865,643211.30000
866,637626.45000
867,972503.32000
868,651232.30000
869,317896.03000
870,371734.75000
871,327263.36000
872,592082.37000
873,314571.45000
874,271877.26000
875,2543403.31000
876,2532684.83000
877,982529.44000
878,644873.01000
879,349389.41000
880,288913.01000
881,315177.87000
882,765298.30000
883,676610.50000
884,563205.60000
885,566800.24000
886,1122959.34000
887,651946.48000
888,639141.60000
889,164511.67000
890,952216.18000
891,706003.22000
892,471564.09000
893,498538.79000
894,766654.98000
895,493401.17000
896,747249.86000
897,483167.34000
898,978474.33000
899,596164.34000
900,509060.63000
901,411693.92000
902,656956.79000
903,653346.95000
904,495444.31000
905,651367.10000
906,164142.40000
907,449315.80000
908,401792.67000
909,701115.40000
910,744546.61000
911,586997.66000
912,732002.76000
913,563304.44000
914,631607.79000
915,428423.81000
916,996860.21000
917,320788.41000
918,604710.07000
919,498186.68000
920,201474.34000
921,502178.82000
922,660866.54000
923,536858.71000
924,654938.85000
925,279228.90000
926,488267.24000
927,646192.28000
928,345659.23000
929,254091.90000
930,354827.51000
931,537009.55000
932,592585.49000
933,641430.18000
934,200233.81000
935,293744.37000
936,181639.80000
937,178218.11000
938,120108.65000
939,136718.94000
940,110103.03000
941,408090.38000
942,552916.71000
943,302593.71000
944,271493.66000
945,184766.37000
946,287216.92000
947,164605.34000
948,161569.78000
949,92396.52000
950,158811.00000
951,161554.62000
952,202545.95000
953,190391.58000
954,179141.98000
955,168454.30000
956,124070.27000
957,52674.93000
958,165383.03000
959,142603.43000
960,86656.61000
961,26608.63000
962,159259.93000
963,81262.96000
964,135254.31000
965,59230.12000
966,103623.88000
967,76773.63000
968,72237.34000
969,102873.54000
970,32275.82000
971,48348.09000
972,96331.96000
973,70309.78000
974,24222.84000
975,35212.27000
976,67349.02000
977,45527.28000
978,52317.63000
979,73023.50000
980,77676.26000
981,60238.51000
982,74353.89000
983,105620.02000
984,32127.75000
985,47266.78000
986,46407.85000
987,44831.23000
988,368066.58000
989,204678.49000
990,105983.57000
991,212130.23000
992,200428.91000
993,134810.35000
994,669829.30000
995,513921.64000
996,325859.05000
997,308933.19000
998,736272.82000
999,339444.17000
1000,423615.72000
1001,149440.15000
1002,139883.00000
1003,436437.34000
1004,378584.64000
1005,430465.66000
1006,360737.07000
1007,487594.90000
1008,724114.82000
1009,511931.41000
1010,500117.59000
1011,298298.37000
1012,190779.21000
1013,335077.41000
1014,276862.21000
1015,183212.53000
1016,490431.27000
1017,673986.79000
1018,493992.40000
1019,348853.19000
1020,700610.12000
1021,294244.68000
1022,326989.80000
1023,185673.57000
1024,168630.68000
1025,168760.36000
1026,140236.83000
1027,374798.30000
1028,385053.31000
1029,396937.67000
1030,249840.01000
1031,112031.39000
1032,260642.92000
1033,137518.79000
1034,349081.80000
1035,328083.30000
1036,651113.06000
1037,162605.27000
1038,163441.00000
1039,524206.05000
1040,325106.58000
1041,322895.66000
1042,165381.51000
1043,630261.41000
1044,576334.53000
1045,183954.69000
1046,523682.34000
1047,103327.22000
1048,56068.57000
1049,55125.69000
1050,655867.69000
1051,63547.00000
1052,337995.24000
1053,137400.15000
1054,660560.57000
1055,305721.46000
1056,311183.10000
1057,736226.10000
1058,261893.02000
1059,565341.47000
1060,390144.11000
1061,301462.29000
1062,281165.14000
1063,685029.00000
1064,1060040.65000
1065,633454.28000
1066,248101.16000
1067,499594.12000
1068,325714.76000
1069,227840.86000
1070,580007.63000
1071,383912.60000
1072,501329.06000
1073,312393.42000
1074,312817.62000
1075,683067.42000
1076,1095848.80000
1077,260147.39000
1078,360166.14000
1079,182792.96000
1080,168877.33000
1081,163576.30000
1082,646385.74000
1083,650746.09000
1084,651438.58000
1085,648604.44000
1086,649702.60000
1087,926017.91000
1088,1026856.14000
1089,644294.98000
1090,710501.03000
1091,661140.84000
1092,657158.85000
1093,682126.14000
1094,663016.59000
1095,659816.76000
1096,646624.41000
1097,652180.22000
1098,644782.65000
1099,636308.64000
1100,649023.27000
1101,648788.96000
1102,659831.76000
1103,644417.26000
1104,646382.49000
1105,626865.58000
1106,641078.28000
1107,1314019.75000
1108,645960.50000
1109,323413.73000
1110,333074.05000
1111,719966.17000
1112,391864.68000
1113,222235.46000
1114,226049.64000
1115,161839.25000
1116,149471.69000
1117,73253.97000
1118,575897.43000
1119,338562.15000
1120,684164.89000
1121,323050.71000
1122,162699.85000
1123,160620.71000
1124,327534.46000
1125,327199.94000
1126,294273.38000
1127,1155786.72000
1128,861354.16000
1129,608391.26000
1130,656401.07000
1131,654447.99000
1132,653737.95000
1133,643066.36000
1134,652949.07000
1135,699552.71000
1136,331353.45000
1137,326572.89000
1138,329399.73000
1139,274196.55000
1140,651255.05000
1141,651438.81000
1142,621367.27000
1143,324720.25000
1144,289854.65000
1145,1342390.18000
1146,1310915.73000
1147,433553.85000
1148,306689.15000
1149,651956.30000
1150,650236.98000
1151,658472.76000
1152,645574.78000
1153,657069.01000
1154,643874.84000
1155,659811.52000
1156,665894.51000
1157,655101.60000
1158,649552.93000
1159,656936.72000
1160,647865.08000
1161,641879.74000
1162,639829.81000
1163,483711.99000
1164,362269.95000
1165,454527.27000
1166,314339.45000
1167,369221.59000
1168,333299.72000
1169,125043.38000
1170,156073.66000
1171,652563.58000
1172,654742.92000
1173,653945.61000
1174,652639.14000
1175,786621.88000
1176,653375.95000
1177,650183.64000
1178,644868.82000
1179,654494.73000
1180,652968.55000
1181,649456.89000
1182,647272.99000
1183,634558.71000
1184,626160.75000
1185,650680.99000
1186,631734.89000
1187,633437.21000
1188,649356.89000
1189,646187.62000
1190,333044.61000
1191,627361.19000
1192,306386.73000
1193,652386.08000
1194,651330.16000
1195,652071.33000
1196,646118.97000
1197,1303103.43000
1198,654158.44000
1199,653856.60000
1200,653507.46000
1201,650378.48000
1202,1592614.93000
1203,1092956.35000
1204,1235821.51000
1205,1308844.03000
1206,1692964.15000
1207,1094284.28000
1208,1944951.90000
1209,484534.30000
1210,1296005.25000
1211,659087.48000
1212,165549.11000
1213,654119.77000
1214,318387.65000
1215,299655.89000
1216,297534.58000
1217,163134.33000
1218,182216.60000
1219,243265.76000
1220,207748.76000
1221,229083.44000
1222,123808.86000
1223,180589.29000
1224,655519.69000
1225,261963.82000
1226,217492.26000
1227,257677.05000
1228,210908.38000
1229,158332.52000
1230,161488.10000
1231,642834.17000
1232,684668.32000
1233,659670.55000
1234,1031970.09000
1235,632556.24000
1236,194047.78000
1237,272169.40000
1238,371401.14000
1239,1301832.10000
1240,1144108.55000
1241,1298342.58000
1242,268266.23000
1243,750785.51000
1244,1298360.77000
1245,733140.07000
1246,840235.34000
1247,650710.85000
1248,480935.34000
1250,616727.73000
1251,798136.71000
1252,651971.38000
1253,522551.20000
1254,633699.72000
1255,654152.11000
1256,156842.15000
1257,322441.56000
1258,327932.70000
1259,638066.37000
1260,322342.18000
1261,288440.38000
1262,1302956.44000
1263,670864.51000
1264,648990.00000
1265,652007.48000
1266,631535.64000
1267,1302104.23000
1268,653973.95000
1269,649574.07000
1270,645283.67000
1271,648660.46000
1272,2601140.49000
1273,5284773.78000
1274,318522.06000
1275,163881.84000
1276,163314.03000
1277,318009.61000
1278,158902.07000
1279,161046.04000
1280,2621083.21000
1281,2229142.16000
1282,13110347.36000
1283,13108340.93000
1284,9044240.41000
1285,7707908.72000
1286,7780455.23000
1287,108649497.30000
1288,507737746.70000
1289,14853529.17000
1290,2607147.11000
1291,2635353.51000
1292,6397526.02000
1293,8516032.35000
1294,15597626.97000
1295,3235626.91000
1296,5406433.42000
1297,851665.36000
1298,5703092.77000
1299,86051087.85000
1300,320195500.10000
1301,13199883.02000
1302,145219755.90000
1303,70543643.28000
1304,13933503.22000
1305,12316826.26000
1306,43600335.35000
1307,14186070.20000
1308,10944403.04000
1309,10468098.96000
1310,20551508.50000
1311,44805964.51000
2001,6522400.91000
2002,1596719.88000
2003,3617588.54000
2004,2502236.93000
2005,1372169.76000
2006,2628206.32000
2007,962544.14000
2008,750226.78000
2009,327971.62000
2010,1351042.83000
2011,1302515.02000
2012,1398319.45000
2013,2651298.06000
2014,1704338.47000
2015,2605683.60000
2016,3889042.20000
2017,11511525.55000
2018,2600419.67000
2019,3890717.71000
2020,9790536.74000
2021,5999434.48000
2022,4480651.53000
2023,14658878.20000
2024,5481774.95000
2025,2600280.99000
2026,2677704.01000
2027,9227535.42000
2028,5203018.62000
2029,845952.16000
2030,1537036.79000
2031,2598887.61000
2032,10927792.45000
2033,2620249.31000
2034,2589306.51000
2035,2718513.09000
2036,2019686.39000
2037,5287140.28000
2038,2576349.59000
2039,2570143.77000
2040,2725234.10000
2041,2769405.48000
2042,1321053.27000
2043,2600916.10000
2044,1315406.87000
2045,1427220.94000
2046,760326.36000
2047,5171120.09000
2048,4024147.78000
2049,2811188.55000
2050,7601037.05000
2051,2641800.57000
2052,5254859.24000
2053,2628171.07000
2054,2471707.42000
2055,2666681.29000
2056,2482827.55000
2057,1278989.07000
2058,778644.43000
2059,1753733.98000
2060,5253498.97000
2061,2671665.19000
2062,6353173.94000
2063,2608816.12000
2064,3042811.45000
2065,2575436.45000
2066,2597478.40000
2067,11866870.88000
2068,2215491.93000
2069,2494033.60000
2070,6207501.08000
2071,320849.75000
2072,432988.70000
2073,405397.62000
2074,1734402.51000
2075,7429504.44000
2076,4539393.65000
2077,2955162.29000
2078,2712414.69000
2079,2900814.42000
2080,1775462.34000
2081,3086507.23000
2082,1190570.35000
2083,4270789.33000
2084,3072952.02000
2085,1007768.68000
2086,761541.31000
2087,3963789.97000
2088,2147772.01000
2089,1970788.41000
2090,1807824.55000
2091,2778451.89000
2092,6517055.71000
2093,30766825.90000
2094,5756836.35000
2095,2599125.89000
2096,3896982.47000
2097,2598720.31000
2098,2573742.73000
2099,2591261.45000
2100,2592727.34000
2101,2606407.26000
2102,2027404.52000
2103,3089913.53000
2104,3475541.35000
2105,2901832.79000
2106,5196505.61000
2107,1291815.33000
2108,2592601.18000
2109,1307319.81000
2110,2320076.75000
2111,1308053.92000
2112,2674900.93000
2113,5203986.86000
2114,2591068.02000
2115,2755708.94000
2116,2448899.19000
2117,2522332.74000
2118,2591633.69000
2119,3542239.89000
2120,14687136.64000
2121,19844787.45000
2122,1510501.28000
2123,1731518.34000
2124,3313027.08000
2125,3415405.62000
2126,2580680.67000
2127,3077825.47000
2128,1877702.49000
2129,1005915.05000
2130,3145106.14000
2131,1307784.45000
2132,1300256.39000
2133,1315909.85000
2134,1316161.86000
2135,2129618.56000
2136,2903019.22000
2137,2842973.77000
2138,2026723.48000
2139,719118.85000
2140,429310.28000
2141,237697.63000
2142,588781.65000
2143,1141573.63000
2144,163771.54000
2145,2986895.75000
2146,153598.63000
2147,122309.87000
2148,162715.10000
2149,324333.58000
2150,324799.42000
2151,295288.08000
2152,207721.29000
2153,144082.18000
2154,84242.99000
2155,35695.07000
2156,195847.18000
2157,805947.85000
2158,810153.89000
2159,216859.11000
2160,243714.48000
2161,650046.44000
2162,648766.49000
2163,324555.88000
2164,326592.35000
2165,650298.40000
2166,649085.60000
2167,40572.92000
2168,278896.35000
2169,104099.87000
2170,98668.67000
2171,69932.24000
2172,65146.54000
2173,210991.77000
2174,142874.47000
2175,137433.46000
2176,94383.31000
2177,230521.18000
2178,48081.89000
2179,47531.47000
2180,226792.03000
2181,129900.36000
2182,216810.74000
2183,391893.55000
2184,130064.78000
2185,452921.59000
2186,234061.20000
2187,35261.11000
2188,23681.09000
2189,174524.26000
2190,808062.87000
2191,1042494.24000
2192,1631467.61000
2193,1021000.43000
2194,576906.91000
2195,409139.70000
2196,976614.57000
2197,361712.32000
2198,331414.37000
2199,425962.10000
2200,658360.60000
2201,947274.59000
2202,650819.24000
2203,683263.04000
2204,1139920.55000
2205,429824.50000
2206,436980.38000
2207,467610.01000
2208,370981.13000
2209,643193.39000
2210,2382283.18000
2211,1112971.59000
2212,659262.99000
2213,653350.13000
2214,1301172.85000
2215,665724.57000
2216,664661.25000
2217,358936.04000
2218,529742.01000
2219,655445.35000
2220,753875.70000
2221,1005952.45000
2222,312278.76000
2223,564743.41000
2224,227005.72000
2225,468806.26000
2226,870880.56000
2227,3167999.27000
2228,462136.57000
2229,410135.96000
2230,302988.32000
2231,434693.60000
2232,343188.46000
2233,241624.76000
2234,1613321.15000
2235,647077.51000
2236,629269.89000
2237,640249.02000
2238,640116.34000
2239,639625.25000
2240,652264.90000
2241,654342.71000
2242,597437.23000
2243,414029.71000
2244,977235.29000
2245,1286314.92000
2246,636053.67000
2247,649091.25000
2248,655445.30000
2249,652530.64000
2250,326533.71000
2251,311530.54000
2252,655468.24000
2253,643746.13000
2254,645427.50000
2255,958503.52000
2256,646547.66000
2257,680364.94000
2258,688078.35000
2259,693669.03000
2260,2407933.14000
2261,645137.83000
2262,655819.22000
2263,650010.44000
2264,657062.47000
2265,669826.62000
2266,651340.38000
2267,665815.85000
2268,664832.20000
2269,665566.37000
2270,659581.06000
2271,653513.58000
2272,668573.83000
2273,661046.09000
2274,678869.60000
2275,680747.68000
2276,444248.98000
2277,874575.81000
2278,863479.09000
2279,1973568.03000
2280,659132.58000
2281,653498.14000
2282,650851.01000
2283,657242.10000
2284,652159.97000
2285,656022.53000
2286,648075.52000
2287,644973.72000
2288,647501.61000
2289,651424.23000
2290,634620.89000
2291,663056.11000
2292,629849.28000
2293,647979.32000
2294,623120.36000
2295,643393.06000
2296,635629.56000
2297,630023.09000
2298,642400.55000
2299,675077.98000
2300,3020132.91000
2301,655911.68000
2302,653447.54000
2303,162937.15000
2304,856323.62000
2305,628935.04000
2306,227763.71000
2307,1298499.64000
2308,338147.92000
2309,635560.56000
2310,336561.22000
2311,643323.76000
2312,75908.87000
2313,180109.66000
2314,321899.72000
2315,380809.12000
2316,326053.22000
2317,160773.74000
2318,3243814.55000
2319,985284.48000
2320,243462.88000
2321,411479.64000
2322,162197.60000
2323,162820.38000
2324,161745.86000
2325,161904.80000
2326,163272.76000
2327,104409.20000
2328,50218.70000
2329,658929.87000
2330,650978.94000
2331,551696.61000
2332,672602.36000
2333,455557.19000
2334,654885.24000
2335,350196.02000
2336,214686.38000
2337,257970.25000
2338,246470.74000
2339,89410.40000
2340,267053.70000
2341,156264.81000
2342,214476.93000
2343,188441.73000
2344,80649.70000
2345,79993.90000
2346,91831.44000
2347,213003.75000
2348,84381.76000
2349,80097.38000
2350,54004.86000
2351,65783.91000
2352,115830.96000
2353,178184.77000
2354,987913.61000
2355,1194533.44000
2356,1013776.16000
2357,781760.15000
2358,1370874.58000
2359,615530.21000
2360,498163.45000
2361,975394.63000
2362,1940132.26000
2363,976290.10000
2364,1942019.44000
2365,1313706.33000
2366,1318354.18000
2367,434566.27000
2368,192198.18000
2369,1323497.68000
2370,1297487.01000
2371,1098086.80000
2372,691713.35000
2373,462459.06000
2374,210527.35000
2375,1303493.05000
2376,1298507.88000
2377,1170600.78000
2378,644454.66000
2379,260316.31000
2380,524818.37000
2381,645852.12000
2382,497487.10000
2383,237527.64000
2384,373954.35000
2385,928632.39000
2386,628958.09000
2387,1310733.30000
2388,139153.77000
2389,1210257.94000
2390,1147981.49000
2391,1295962.50000
2392,1325344.23000
2393,437236.40000
2394,806265.51000
2395,1313980.25000
2396,1315917.67000
2397,1303910.03000
2398,1321729.49000
2399,1627848.39000
2400,1695303.50000
2401,1850239.32000
2402,913139.64000
2403,1250343.86000
2404,1302749.76000
2405,662926.77000
2406,1304354.09000
2407,1313758.19000
2408,1313999.99000
2409,1302015.82000
2410,666874.82000
2411,984820.77000
2412,984415.03000
2413,978399.53000
2414,1633228.19000
2415,1641101.26000
2416,1634597.63000
2417,1627862.37000
2418,468846.54000
2419,508101.94000
2420,917398.19000
2421,1233540.25000
2422,654341.73000
2423,1083028.59000
2424,652982.68000
2425,305748.02000
2426,466073.38000
2427,972955.84000
2428,659768.76000
2429,1299023.34000
2430,656203.43000
2431,657366.94000
2432,652054.75000
2433,645830.07000
2434,856619.56000
2435,2606456.39000
2436,1314364.42000
2437,326293.83000
2438,4811283.58000
2439,463300.83000
2440,499805.00000
2441,346388.56000
2442,469655.42000
2443,1235210.92000
2444,325926.05000
2445,481411.20000
2446,234452.52000
2447,1303502.04000
2448,1302628.17000
2449,644341.13000
2450,650008.05000
2451,656847.10000
2452,651098.56000
2453,661169.25000
2454,990859.00000
2455,402710.61000
2456,731707.47000
2457,1560117.59000
2458,686051.82000
2459,549616.89000
2460,604199.62000
2461,686048.98000
2462,368389.17000
2463,607700.65000
2464,1345622.58000
2465,610622.96000
2466,623790.51000
2467,380876.83000
2468,973531.50000
2469,1744304.22000
2470,108931.42000
2471,226135.61000
2472,157156.15000
2473,170102.25000
2474,2101526.04000
2475,2694845.58000
2476,256189.56000
2477,99216.91000
2478,95398.02000
2479,110797.56000
2480,136890.09000
2481,126504.97000
2482,368500.50000
2483,293465.01000
2484,657113.92000
2485,479335.35000
2486,692252.18000
2487,1099512.04000
2488,798631.93000
2489,482126.19000
2490,188585.02000
2491,647200.38000
2492,650695.41000
2493,651329.87000
2494,650595.95000
2495,657511.06000
2496,652732.03000
2497,1294589.72000
2498,647810.05000
2499,643515.63000
2500,1277957.01000
2501,1280510.51000
2502,899634.50000
2503,444591.30000
2504,416665.43000
2505,421516.69000
2506,487432.69000
2507,328406.39000
2508,350648.96000
2509,486718.88000
2510,240574.68000
2511,632980.17000
2512,280109.85000
2513,164979.13000
2514,522531.97000
2515,773495.04000
2516,532748.66000
2517,460053.90000
2518,115046.21000
2519,849071.72000
2520,646188.93000
2521,656592.25000
2522,647189.89000
2523,201602.17000
2524,444385.97000
2525,159231.75000
2526,171996.37000
2527,265054.83000
2528,474961.87000
2529,349061.44000
2530,590418.59000
2531,332903.89000
2532,293463.92000
2533,471810.51000
2534,649932.83000
2535,325295.22000
2536,325872.67000
2537,132343.19000
2538,72457.68000
2539,360150.22000
2540,613132.65000
2541,630381.07000
2542,640535.43000
2543,639660.91000
2544,638589.31000
2545,640353.95000
2546,501856.99000
2547,385899.65000
2548,325741.22000
2549,8107850.49000
2550,7343510.65000
2551,1449925.47000
2552,5263950.75000
2553,5200754.43000
2554,5818888.09000
2555,8118521.47000
2556,7888181.90000
2557,7729284.00000
2558,8690753.38000
2559,693536.77000
2560,697671.11000
2561,665779.92000
2562,5510480.99000
2563,1926672.23000
2564,2577846.11000
2565,3910458.17000
2566,2516598.26000
2567,3851695.80000
2568,2487703.03000
2569,10885560.52000
2570,14798533.92000
2571,656366.48000
2572,1321572.38000
2573,2651035.13000
2574,4897365.73000
2575,3118399.91000
2576,945574.98000
2577,2487660.92000
2578,2628145.55000
2579,1260822.58000
2580,1318030.36000
2581,4422749.98000
2582,4992370.91000
2583,1257502.34000
2584,1321215.07000
2585,4318527.27000
2586,2352640.99000
2587,1626550.98000
2588,1950120.86000
2589,1307105.66000
2590,627444.71000
2591,887251.48000
2592,739065.15000
2593,1316283.29000
2594,660741.74000
2595,658595.66000
2596,645107.14000
2597,970531.71000
2598,1268109.93000
2599,648839.87000
2600,970942.32000
2601,740494.99000
2602,739371.85000
2603,1322415.78000
2604,646375.28000
2605,1283225.61000
2606,1312412.41000
2607,6889650.71000
2608,5196680.01000
2609,5222864.26000
2610,5199337.78000
2611,1940578.85000
2612,7433306.28000
2613,7655013.59000
2614,2359720.94000
2615,2614774.06000
2616,2635575.10000
2617,1726653.41000
2618,3067676.06000
2619,683849.06000
2620,716026.24000
2621,683604.30000
2622,632397.47000
2623,651054.02000
2624,614098.61000
2625,640758.89000
2626,648104.17000
2627,647956.07000
2628,636638.72000
2629,655022.75000
2630,651945.84000
2631,1320870.55000
2632,650118.31000
2633,1235419.28000
2634,23097098.17000
2635,5191249.10000
2636,6012746.35000
2637,5224485.26000
2638,10309238.23000
2639,7141841.92000
2640,5278500.74000
2641,6408044.44000
2642,1289726.77000
2643,3500485.12000
2644,1905867.62000
2645,1306348.55000
2646,1303339.60000
2647,569286.24000
2648,655273.16000
2649,641786.28000
2650,1314749.32000
2651,659345.16000
2652,658430.66000
2653,652135.74000
2654,1332467.14000
2655,655307.24000
2656,646590.46000
2657,656768.03000
2658,651166.95000
2659,647196.42000
2660,646872.10000
2661,651581.35000
2662,658427.87000
2663,653600.29000
2664,48888162.80000
2665,707728.22000
2666,1298028.53000
2667,1308526.66000
2668,2252746.59000
2669,1306461.10000
2670,1301461.92000
2671,1303420.70000
2672,2603728.40000
2673,1303003.90000
2674,652229.75000
2675,650966.23000
2676,2606640.13000
2677,2610560.01000
2678,2613770.86000
2679,2563977.46000
2680,2545104.23000
2681,2588817.03000
2682,2619593.78000
2683,2569481.91000
2684,2612341.87000
2685,7629355.00000
2686,19356825.61000
2687,6989877.14000
2688,7810870.71000
2689,26352747.63000
2690,23525836.29000
2691,3913617.51000
2692,2608198.52000
2693,2608653.11000
2694,10422196.27000
2695,13308445.89000
2696,32128895.33000
2697,1298945.70000
2698,2601672.42000
2699,2603256.99000
2700,1305856.79000
2701,2601883.35000
2702,2605998.82000
2703,2621753.62000
2704,2636179.53000
2705,2584075.90000
2706,2613581.40000
2707,1312144.67000
2708,4127020.73000
2709,2593738.83000
2710,5234763.01000
2711,10419461.06000
2712,20828333.04000
2713,857314.68000
2714,1745732.90000
2715,27256243.15000
2716,11272954.44000
2717,22628171.84000
2718,24025859.33000
2719,2598056.78000
2720,2602456.15000
2721,652471.77000
2722,648493.75000
2723,1300989.45000
2724,7823069.82000
2725,5146127.55000
2726,2609312.58000
2727,5191459.97000
2728,2625303.36000
2729,2606400.82000
2730,3914997.41000
2731,1298123.34000
2732,1288209.79000
2733,1311673.25000
2734,1315972.69000
2735,698489.99000
2736,2967503.13000
2737,1580593.30000
2738,2215225.66000
2739,2598496.60000
2740,5637523.28000
2741,1011515.36000
2742,1291233.89000
2743,601562.39000
2744,608696.39000
2745,4564667.83000
2746,519825.63000
2747,1629008.05000
2748,2602449.15000
2749,1929135.80000
2750,325477.00000
2751,326837.68000
2752,331710.22000
2753,1453788.61000
2754,1501638.46000
2800,5204839.66000
2801,1555656.65000
2802,9290525.10000
2803,4771753.22000
2804,2937682.62000
2805,1341683.04000
2806,4545183.99000
2807,12257141.72000
2808,160078.25000
2809,3659210.60000
2810,1444560.88000
2811,2242293.45000
2812,2571021.21000
2813,1275643.35000
2814,2574139.64000
2815,2454511.09000
2816,209902.50000
2817,166902.84000
2818,539080.71000
2819,2410648.47000
2820,1172144.70000
2821,1319182.33000
2822,4526065.76000
2823,612785.82000
2824,419728.68000
2825,304146.71000
2826,465412.29000
2827,609211.39000
2828,161786.97000
2829,477001.98000
2830,22140.30000
2831,524592.64000
2832,596492.77000
2833,239263.65000
2834,1310790.76000
2835,1317155.67000
2836,2601658.89000
2837,749458.50000
2838,504082.30000
2839,328600.90000
2840,262293.24000
2841,475693.26000
2842,473766.53000
2843,666142.35000
2844,13075.24000
2845,11466.17000
2846,65294.49000
2847,11126.46000
2848,11343.78000
2849,9046.18000
2850,12088.66000
2851,11303.45000
2852,187473.66000
2853,370314.40000
2854,478716.39000
2855,187922.00000
2856,474320.64000
2857,433126.22000
2858,436739.48000
2859,206867.50000
2860,143501.31000
2861,154630.56000
2862,418728.44000
2863,2665993.59000
2864,1876651.96000
2865,652557.02000
2866,631833.86000
2867,590692.35000
2868,264033.00000
2869,379592.92000
2870,11373.90000
2871,23089.88000
2872,30750.66000
2873,11338.86000
2874,11211.05000
2875,15202.51000
2876,29369.63000
2877,11114.10000
2878,11393.98000
2879,15744.41000
2880,12558.48000
2881,11628.38000
2882,12039.15000
2883,16665.56000
2884,11508.65000
2885,214980.39000
2886,15928.09000
2887,72397.23000
2888,76269.54000
2889,128548.28000
2890,308466.69000
2891,160107.43000
2892,237942.20000
2893,92265.11000
2894,201392.41000
2895,83458.26000
2896,142758.86000
2897,159229.72000
2898,146664.42000
2899,137437.82000
2900,169572.44000
2901,165749.25000
2902,359799.25000
2903,112174.22000
2904,629178.41000
2905,2594378.97000
2906,2576361.08000
2907,685664.59000
2908,512097.70000
2909,208752.91000
2910,4163781.80000
2911,219479.43000
2912,245806.57000
2913,259619.12000
2914,314496.09000
2915,241654.53000
2916,276197.85000
2917,198617.59000
2918,304942.72000
2919,316707.21000
2920,207752.89000
2921,173136.60000
2922,283022.75000
2923,299101.86000
2924,630525.20000
2925,854721.85000
2926,784524.48000
2927,940043.63000
2928,955064.76000
2929,351203.39000
2930,533643.93000
2931,159391.20000
2932,544265.23000
2933,216410.90000
2934,356699.49000
2935,624236.82000
2936,122333.38000
2937,365734.62000
2938,1310820.48000
2939,2572207.93000
2940,2658296.76000
2941,865488.38000
2942,1291950.13000
2943,85757.86000
2944,644269.56000
2945,437285.37000
2946,149857.51000
2947,780154.58000
2948,393620.13000
2949,2582718.91000
2950,5230466.52000
2951,7755220.34000
2952,7722722.18000
2953,4716328.31000
2954,3597627.06000
2955,2589563.67000
2956,2565090.08000
2957,6200970.80000
2958,7276121.94000
2959,5973342.92000
2960,5452591.56000
2961,26053003.88000
2962,21361373.81000
2963,7212954.04000
2964,10415290.86000
2965,12159508.44000
2966,7294933.04000
2967,14618782.55000
2968,6602614.04000
2969,5209026.61000
2970,3153505.05000
2971,2618658.37000
2972,1532908.11000
2973,2114285.95000
2974,3910816.48000
2975,9597002.42000
2976,1.00000
2977,9450524.35000
2978,7798490.04000
2979,10474802.19000
2980,7805875.45000
2981,12968631.79000
2982,1278447.93000
2983,7749463.28000
2984,10099504.52000
2985,22539901.76000
2986,10431032.07000
2987,11595455.03000
3001,74845.89000
3002,40614.91000
3003,38729.34000
3004,40927.58000
3005,40384.52000
3006,40855.42000
3007,40319.37000
3008,20126.75000
3009,20648.57000
3010,40038.14000
3011,39899.73000
3012,40112.70000
3013,40532.27000
3014,40651.42000
3015,40606.67000
3016,39951.72000
3017,40178.53000
3018,40061.39000
3019,40309.37000
3020,60587.95000
3021,40257.63000
3022,20025.91000
3023,39463.04000
3024,39687.39000
3025,121743.68000
3026,80598.65000
3027,80915.90000
3028,42482.32000
3029,23914.98000
3030,22979.06000
3031,45511.57000
3032,44056.07000
3033,43349.16000
3034,154137.46000
3035,232057.57000
3036,13396.18000
3037,41642.05000
3038,38739.54000
3039,81042.62000
3040,80974.21000
3041,80692.67000
3042,105779.59000
3043,27884.97000
3044,65713.41000
3045,94227.25000
3046,80971.09000
3047,81356.40000
3048,92352.34000
3049,91837.09000
3050,47661.17000
3051,43570.60000
3052,71328.87000
3053,89164.01000
3054,41738.16000
3055,50052.43000
3056,104751.89000
3057,29663.88000
3058,8527.57000
3059,11729.01000
3060,48533.14000
3061,9294.12000
3062,54634.82000
3063,48360.04000
3064,63815.49000
3065,91549.35000
3066,93519.73000
3067,74606.47000
3068,103180.22000
3069,70829.64000
3070,19042.59000
3071,55461.42000
3072,207384.70000
3073,597807.70000
3074,83020.36000
3075,111587.47000
3076,196754.53000
3077,89090.38000
3078,62401.08000
3079,53468.10000
3080,19652.63000
3081,19787.32000
3082,43041.94000
3083,20246.69000
3084,38587.29000
3085,37650.50000
3086,10566.16000
3087,24126.27000
3088,36469.22000
3089,27245.73000
3090,258272.92000
3091,103955.67000
3092,269289.64000
3093,81901.41000
3094,78809.99000
3095,87049.78000
3096,74967.24000
3097,64748.67000
3098,70701.02000
3099,37178.76000
3100,21531.39000
3101,18980.09000
3102,46094.03000
3103,78346.69000
3104,208094.73000
3105,10681.74000
3106,64548.38000
3107,37663.10000
3108,593669.14000
3109,340197.46000
3110,514462.06000
3111,63703.26000
3112,48485.81000
3113,105731.81000
3114,15496.61000
3115,51339.76000
3116,21520.65000
3117,69021.28000
3118,17807.86000
3119,106610.36000
3120,449504.37000
3121,16359.05000
3122,63659.86000
3123,17882.16000
3124,168747.14000
3125,104786.16000
3126,18434.95000
3127,49385.62000
3128,75854.61000
3130,160977.80000
3131,89664.40000
3132,74294.37000
3133,37524.89000
3134,60977.68000
3135,154893.67000
3136,103026.25000
3137,5491.84000
3138,56743.04000
3139,424061.63000
3140,145306.25000
3141,108003.85000
3142,116557.40000
3143,224673.39000
3144,210160.87000
3145,369756.82000
3146,62102.20000
3147,234415.00000
3148,1686295.37000
3150,326624.94000
3151,70546.80000
3152,258541.34000
3153,190450.03000
3154,104260.25000
3155,129919.55000
3156,132050.82000
3157,16822.29000
3158,32616.31000
3159,545421.09000
3160,431196.01000
3161,329091.03000
3162,168043.00000
3163,39025.81000
3164,153040.13000
3165,199357.06000
3166,72846.57000
3167,15578.44000
3168,23001.76000
3169,90325.34000
3170,24502.05000
3171,48055.09000
3172,42889.69000
3173,50647.72000
3174,48533.32000
3175,48776.02000
3176,48093.29000
3177,48388.83000
3178,35612.70000
3179,48097.36000
3180,35940.39000
3181,48754.82000
3182,48052.74000
3183,48009.59000
3184,48659.72000
3185,47651.83000
3186,48481.32000
3187,47760.03000
3188,24352.51000
3189,24146.65000
3190,23857.25000
3191,23910.00000
3192,24035.65000
3193,46592.85000
3194,723974.28000
3195,21291.42000
3196,24813.31000
3197,24119.38000
3198,53192.59000
3199,23806.43000
3200,11903.63000
3201,23998.68000
3202,12126.71000
3203,97921.81000
3204,24169.61000
3205,24098.21000
3206,24673.94000
3207,47785.58000
3208,23591.87000
3209,82965.37000
3210,24771.35000
3211,49084.00000
3212,24231.70000
3213,24570.97000
3214,48246.87000
3215,23893.70000
3216,24302.28000
3217,47996.71000
3218,23904.42000
3219,47358.11000
3220,48732.55000
3221,23632.57000
3222,247464.43000
3223,47566.81000
3224,24449.83000
3225,48521.12000
3226,24295.44000
3227,53803.83000
3228,39654.33000
3229,112711.35000
3230,76241.65000
3231,20131.25000
3232,38521.54000
3233,29763.07000
3234,131452.12000
3235,44978.47000
3236,156014.99000
3237,898073.10000
3238,77842.51000
3239,85289.46000
3240,121811.29000
3241,47202.73000
3242,205216.10000
3243,87086.14000
3244,47842.61000
3245,31436.22000
3246,61092.21000
3247,34119.65000
3248,78075.66000
3250,25202.08000
3251,44859.16000
3252,139556.42000
3253,36422.74000
3254,36613.58000
3255,35945.67000
3256,43090.71000
3257,54403.85000
3258,47530.19000
3259,24064.15000
3260,24088.42000
3261,56183.56000
3262,58389.20000
3263,24496.03000
3264,24551.77000
3265,24475.85000
3266,24218.81000
3267,54422.78000
3268,30578.90000
3269,23886.76000
3270,24250.21000
3271,24188.63000
3272,37962.20000
3273,48593.08000
3274,23682.81000
3275,106308.57000
3276,16410.17000
3277,24121.81000
3278,11852.94000
3279,47357.47000
3280,229440.94000
3281,71026.41000
3282,73736.71000
3283,168168.18000
3284,161570.77000
3285,49712.68000
3286,47026.89000
3287,38953.79000
3288,501545.20000
3289,1820870.16000
3290,1165438.76000
3291,76710.10000
3292,73645.75000
3293,53450.07000
3294,34476.51000
3295,19417.88000
3296,1280531.50000
3297,70818.42000
3298,193076.65000
3299,237374.69000
3300,46899.44000
3301,52636.54000
3302,22238.43000
3303,24122.19000
3304,17497.92000
3305,28670.62000
3306,18176.98000
3307,93425.70000
3308,49994.11000
3309,24112.34000
3310,23976.18000
3311,81117.89000
3312,21163.92000
3313,23604.35000
3314,24677.22000
3315,16650.78000
3316,12105.63000
3317,22877.97000
3318,23671.58000
3319,45371.85000
3320,40180.16000
3321,34691.68000
3322,42321.55000
3323,51344.09000
3324,61717.09000
3325,1543741.20000
3326,116416.05000
3327,79866.22000
3328,34313.98000
3329,26265.85000
3330,158061.68000
3331,61333.71000
3332,1522486.55000
3333,63432.88000
3334,153004.76000
3335,97671.70000
3336,85484.19000
3337,23602.43000
3338,623302.15000
3339,49061.55000
3340,329681.62000
3341,285014.23000
3342,99574.74000
3343,103580.40000
3344,112775.27000
3345,554066.30000
3346,114843.63000
3347,200600.45000
3348,145394.36000
3349,129033.60000
3350,127377.44000
3351,542905.25000
3352,8830590.60000
3353,34698.69000
3354,121652.00000
3355,143881.91000
3356,22365.91000
3357,209509.15000
3358,22445.04000
3359,112517.17000
3361,104910.45000
3362,683905.34000
3363,547667.93000
3364,623047.22000
3365,25788.48000
3366,46939.37000
3367,210110.07000
3368,191683.51000
3369,142179.95000
3370,277413.06000
3371,7353142.18000
3372,353567.95000
3373,107836.55000
3374,17620.48000
3375,48238.93000
3376,49016.43000
3377,48189.91000
3378,48480.61000
3379,44353.79000
3380,47694.25000
3381,24364.42000
3382,24293.45000
3383,48116.13000
3384,48073.70000
3385,24265.93000
3386,48201.72000
3387,48294.87000
3388,23857.14000
3389,72416.31000
3390,53567.17000
3391,48400.61000
3392,98969.53000
3393,178992.53000
3394,154272.14000
3395,206294.11000
3396,110103.53000
3397,180262.99000
3398,25271.95000
3399,53930.64000
3400,18507.42000
3401,23635.23000
3402,144601.27000
3403,17745.89000
3404,13773.66000
3405,44479.51000
3406,66213.29000
3407,1323929.87000
3408,295550.08000
3409,89594.67000
3410,127424.96000
3411,31963.20000
3412,1339944.19000
3413,407117.41000
3414,91314.53000
3415,132991.18000
3416,167106.11000
3417,208043.49000
3418,115380.65000
3419,1118196.14000
3420,63482.93000
3421,93156.59000
3422,83875.88000
3423,95271.05000
3424,70646.51000
3425,95802.18000
3426,205409.06000
3427,118814.62000
3428,53803.31000
3429,53763.01000
3430,877339.54000
3431,105418.23000
3432,64880.75000
3433,145657.71000
3434,293909.81000
3435,496791.29000
3436,88040.70000
3437,278484.04000
3438,39023.98000
3439,41931.75000
3440,147820.51000
3441,60620.16000
3442,43262.93000
3443,36623.64000
3444,97913.30000
3445,89628.05000
3446,288053.49000
3447,730875.89000
3448,35647.59000
3449,1227591.47000
3450,79721.62000
3451,113858.06000
3452,131202.23000
3453,115072.65000
3454,73436.48000
3455,87928.49000
3456,85990.91000
3457,176972.58000
3458,89975.56000
3459,76446.96000
3460,155767.48000
3461,247720.55000
3462,1197531.52000
3463,274780.23000
3464,122392.78000
3465,53797.59000
3466,91277.17000
3467,597335.64000
3468,731091.05000
3469,217905.46000
3470,297595.11000
3471,343885.29000
3472,127871.86000
3473,273624.57000
3474,97441.51000
3475,100939.34000
3476,91135.78000
3477,125410.77000
3478,208504.80000
3479,94999.07000
3480,687901.04000
3481,191652.37000
3482,9402196.40000
3483,274633.17000
3484,262617.06000
3485,298384.60000
3486,890961.22000
3487,639855.45000
3488,547556.84000
3489,479571.14000
3490,201663.10000
3491,56780.08000
3492,3084904.60000
3493,6528673.24000
3494,271331.77000
3495,230332.42000
3496,298610.03000
3497,217009.43000
3498,212700.18000
3499,494945.70000
3500,4351794.12000
3501,1852442.65000
3502,241564.56000
3503,2316762.45000
3504,323263.96000
3505,916821.58000
3506,599863.06000
3507,1237000.34000
3508,1770593.80000
3509,5080078.97000
3510,299584.47000
3511,594882.08000
3512,294283.42000
3513,271348.33000
3514,5908184.81000
3515,156876.07000
3516,159637.60000
3517,264704.10000
3518,758815.72000
3519,5586910.94000
3520,254226.50000
3521,199896.95000
3522,110266.00000
3523,74262.55000
3524,192657.53000
3525,92834.20000
3526,93111.74000
3527,117836.02000
3528,80280.06000
3529,172595.87000
3530,60782.09000
3531,177580.40000
3532,236065.71000
3533,112825.81000
3534,333848.81000
3535,405160.09000
3536,203681.19000
3537,389054.74000
3538,1226441.83000
3539,458598.02000
3540,46315.44000
3541,104583.21000
3542,141496.11000
3543,39376.45000
3544,94272.83000
3545,182573.94000
3546,183139.76000
3547,141634.94000
3548,116052.76000
3549,108656.72000
3550,45088.56000
3551,215046.33000
3552,86063.13000
3553,245201.76000
3554,50365.60000
3555,40133.92000
3556,37058.35000
3557,122048.22000
3558,110493.07000
3559,133339.54000
3560,54392.36000
3561,122452.83000
3562,44832.15000
3563,64956.51000
3564,74242.66000
3565,339163.97000
3566,1062359.45000
3567,283662.04000
3568,483207.00000
3569,157121.40000
3570,375460.63000
3571,55577.00000
3572,431761.12000
3573,190665.73000
3574,445315.23000
3575,228194.01000
3576,166050.04000
3577,153130.72000
3578,158554.12000
3579,939892.40000
3580,2476714.88000
3581,123223.32000
3582,499096.49000
3583,371256.66000
3584,316810.04000
3585,183604.35000
3586,98516.34000
3587,715091.33000
3588,256314.36000
3589,780773.85000
3590,535482.82000
3591,645299.07000
3592,339959.62000
3593,222449.47000
3594,74085.77000
3595,2262623.51000
3596,316395.99000
3597,1993863.77000
3598,614390.12000
3599,2600277.30000
3600,284389.41000
3601,2606909.43000
3602,2595736.45000
3603,1300921.61000
3604,956192.02000
3605,290959.17000
3606,514808.76000
3607,472862.09000
3608,931903.65000
3609,248887.53000
3610,1527809.11000
3611,4204892.92000
3612,988225.01000
3613,6884302.55000
3614,4926708.81000
3615,1934056.73000
3616,2573110.89000
3617,10413243.64000
3618,5194168.57000
3619,158739.06000
3620,101572.50000
3621,17846.90000
3622,36827.45000
3623,35367.71000
3624,126008.57000
3625,132096.45000
3701,2143997.10000
3702,4650949.34000
3703,1666173.31000
3704,128968661.40000
3705,70710729.32000
3706,76439908.13000
3707,36772881.54000
3708,22806511.08000
3710,17492419.97000
3711,32263393.97000
3712,31291854.92000
3713,37029004.21000
3714,2469666.65000
3715,15685395.02000
3716,35853010.33000
3717,23674494.95000
3718,40160035.25000
3719,40969346.92000
3720,637988639.60000
3721,1757052.30000
3722,557860.98000
3723,567786.16000
3724,466572.84000
3725,79465.11000
3726,458736.26000
3727,303215.80000
3728,1350312.37000
3729,343913.60000
3730,13703101.67000
3731,12626120.35000
3732,2535702.90000
3733,2615955.60000
3734,10425932.04000
3735,13894985.98000
3736,17758585.49000
3737,7815446.06000
3745,2818426.42000
3746,7822384.08000
3749,2631292.39000
3751,5494741.87000
3752,5186247.68000
3753,2599704.79000
3754,2587276.14000
3755,650938.60000
3756,1297467.93000
3758,2613773.10000
3759,5232306.98000
3760,5193691.55000
3761,2642855.07000
3762,973718.81000
3763,970396.11000
3764,650665.18000
3765,326639.38000
3766,968607.20000
3767,1949601.66000
3768,5183094.51000
3769,405582.77000
3770,326155.08000
3771,648798.58000
3772,649864.90000
3773,1665125.80000
3774,557633.41000
3775,475747.08000
3776,121367.39000
3777,523211.13000
3779,87124.26000
3780,122191.60000
3781,179297.60000
3782,585366.72000
3784,655727.65000
3785,1159787.24000
3786,1237480.62000
3787,1400931.11000
3788,1423297.32000
3789,960409.49000
3791,247770.58000
3792,334640.07000
3795,443995.24000
3796,224658.11000
3797,219223.53000
3798,266612.68000
3800,933992.09000
3801,287987.13000
3802,466083.13000
3803,1000601.32000
3804,414077.59000
3805,982634.70000
3806,913065.56000
3807,922506.07000
3808,1138817.82000
3810,695993.63000
3811,1721455.62000
3812,1283623.20000
3813,4262868.87000
3814,1840858.15000
3815,10686787.78000
3816,1239317.48000
3817,1063100.53000
3818,1042909.46000
3819,240473.75000
3820,265540.56000
3821,2601821.96000
3823,1285707.69000
3824,1284152.43000
3825,1018540.81000
3826,265705.13000
3827,294759.75000
3828,1313996.22000
3829,1279827.77000
3830,2580161.57000
3831,920671.76000
3832,999985.28000
3833,344086.46000
3834,352774.57000
3835,2074964.87000
3836,7366570.76000
3837,857620.72000
3838,1195085.84000
3839,1766042.73000
3840,2659656.95000
3841,709355.74000
3842,971926.19000
3843,306082.82000
3844,336194.74000
3845,318870.20000
3846,1302433.45000
3847,1306954.28000
3849,2562122.96000
3850,948295.03000
3851,1036373.87000
3852,343823.07000
3853,469708.24000
3854,861638.53000
3855,1464164.92000
3856,549528.01000
3857,833839.29000
3858,267638.91000
3859,229484.70000
3861,602490.99000
3862,273708.26000
3863,25558422.45000
3864,385932.42000
3865,327445.37000
3866,294510.20000
3867,652293.74000
3868,553291.63000
3869,689803.70000
3870,683583.97000
3871,861235.84000
3872,871289.38000
3873,921168.52000
3874,3296505.69000
3875,1223611.74000
3876,1494098.57000
3877,1213041.14000
3879,6064400.64000
3881,3944916.83000
3882,5221473.12000
3883,5421741.20000
3884,6902187.29000
3885,42166814.21000
3886,102197972.50000
3887,44380160.86000
3888,16769959.61000
3890,35044859.81000
3891,24321725.56000
3893,48473648.88000
3894,7328514.42000
3895,16745925.94000
3896,67415205.28000
3897,31151111.47000
3900,261486507.40000
3901,47122348.19000
3902,180803469.90000
3903,37783981.86000
3904,56743937.02000
3906,45962428.36000
3907,169885213.20000
3908,8475573.59000
3909,33170717.23000
3910,51800512.40000
3913,131903216.10000
3914,169310165.70000
3916,12541480.10000
4103,11940920.37000
4104,1249967.76000
4105,724949.76000
4106,2596765.80000
4107,2628326.52000
4108,654910.54000
4109,15606572.25000
4110,1191714.83000
4111,10245212.84000
4112,824802.44000
4113,520185.92000
4114,484953.02000
4115,771377.74000
4116,1043872.08000
4117,671941.84000
4118,103521.69000
4119,223581.08000
4120,266613.92000
4121,280261.83000
4122,306518.60000
4123,515234.55000
4124,455638.31000
4125,1522518.35000
4126,413385.87000
4127,298599.97000
4128,388345.03000
4129,1743600.74000
4130,1130164.79000
4131,1135061.96000
4132,354367.15000
4133,243821.06000
4134,2674930.89000
4135,2459560.94000
4136,13713598.72000
4137,391394.42000
4138,175206.40000
4139,3868294.23000
4140,2874166.49000
4141,329062.95000
4142,2845557.70000
4143,151139.71000
4144,159005.54000
4145,1619994.67000
4146,383739.99000
4147,43602.70000
4148,19693.83000
4149,189700.77000
4150,44186.91000
4151,64955.37000
4152,98897.98000
4153,153769.30000
4154,301408.07000
4155,236794.03000
4156,101549.22000
4157,138570.01000
4158,113110.17000
4159,67005.91000
4160,472142.45000
4161,99092.69000
4162,46929.22000
4163,38096.87000
4164,198163.70000
4165,335587.33000
4166,6889648.38000
4167,438259.47000
4168,348574.38000
4169,416475.35000
4170,52799.78000
4171,120633.13000
4172,277157.04000
4173,436214.82000
4174,333176.35000
4175,408860.94000
4176,164844.92000
4177,164838.93000
4178,271049.05000
4179,271156.35000
4180,858017.42000
4181,3130128.85000
4182,301199.48000
4183,202609.69000
4184,157683.39000
4185,460441.26000
4186,215893.94000
4187,975909.31000
4188,523786.63000
4189,299617.31000
4190,458245.96000
4191,256611.34000
4192,194472.85000
4193,337977.81000
4194,119175.23000
4195,107264.84000
4196,752141.27000
4197,144881.87000
4198,615199.77000
4199,211783.31000
4200,158312.66000
4201,214187.04000
4202,772558.04000
4203,89777.12000
4204,330101.83000
4205,1004612.63000
4206,649221.68000
4207,328210.52000
4208,330526.66000
4209,164836.76000
4210,246709.26000
4211,504271.25000
4212,2507877.39000
4213,329443.90000
4214,82164.36000
4215,82931.20000
4216,172622.27000
4217,165032.24000
4218,82963.48000
4219,345032.78000
4220,3610282.87000
4221,415347.66000
4222,338264.78000
4223,498776.35000
4224,83137.02000
4225,163519.14000
4226,48798.44000
4227,195822.37000
4228,1219352.06000
4229,839715.76000
4230,852539.53000
4231,3024116.40000
4232,973151.36000
4233,682287.15000
4234,241522.75000
4235,88298.88000
4236,164022.73000
4237,161218.04000
4238,165506.66000
4239,165877.45000
4240,660887.31000
4241,667292.53000
4242,1986323.20000
4243,162671.20000
4244,332628.89000
4245,614470.71000
4246,662428.94000
4247,1819184.79000
4248,412319.51000
4249,165991.65000
4250,179361.06000
4251,163712.81000
4252,1195561.96000
4253,1844212.74000
4254,714136.08000
4255,300169.80000
4256,137829.69000
4257,4946509.20000
4258,1081974.36000
4259,325720.35000
4260,1135094.82000
4261,19860764.48000
4262,2323737933.00000
4263,25879192.29000
4264,1177692096.00000
4265,580135713.80000
4266,17888387.75000
4267,602203439.90000
4268,475821608.90000
4269,88143695.59000
4270,843962593.80000
4271,147062014.60000
4272,401135674.80000
4273,269335306.10000
4274,386064018.80000
4275,961925098.80000
4276,655159933.40000
4277,47318979.07000
4278,9100520.49000
4279,2335603.98000
4280,319270119.60000
4281,2132832.81000
4282,921441033.10000
4283,2344846.30000
4284,785620542.30000
4285,7469393.83000
4286,5189716.18000
4287,3930262.54000
4288,81882693.12000
4289,737337451.10000
4290,457118252.60000
4291,79497662.67000
4292,31681377.83000
4293,60357549.92000
4294,985300137.60000
4295,3464052.46000
4296,89072260.19000
4297,41366594.75000
4298,1260203781.00000
4299,1634359923.00000
4300,10604816.47000
4301,2348181928.00000
4302,830316381.80000
4303,353510790.00000
4304,109953817.80000
4305,123327589.60000
4306,55048792.87000
4307,482108882.50000
4308,684323858.10000
4309,121156415.00000
4310,914987.66000
4311,2041178.46000
4312,6378711.62000
4313,4017230.72000
4314,5562463.21000
4315,1036657784.00000
4316,260514655.90000
4317,8094404.32000
4318,3253336.78000
4319,14528780.59000
4320,433449036.30000
4321,2755565.29000
4322,2855480083.00000
4323,119847993.30000
4324,1278969049.00000
4325,4547535.73000
4326,306985777.20000
4327,362496025.00000
4328,13257470.77000
4329,1576128337.00000
4330,423326674.70000
4331,2856324.66000
4332,21944566.71000
4333,75069981.34000
4334,269555747.40000
4335,369763697.60000
4336,2199104.60000
4337,1123105244.00000
4338,949632329.30000
4339,22050125.62000
4340,136496864.40000
4341,3666362284.00000
4342,765788413.90000
4343,52710058.04000
4344,2034769879.00000
4345,732219045.10000
4346,41179172.87000
4347,502519731.90000
4348,2484218264.00000
4349,677941401.80000
4350,1577215340.00000
4351,6945872.98000
4352,1034887707.00000
4353,379608769.20000
4354,480803789.10000
4355,1292510824.00000
4356,132571926.50000
4357,507005600.10000
4358,359008594.80000
4359,14705668.83000
4360,303027977.60000
4361,5403718.36000
4362,2137620941.00000
4363,1839120147.00000
4364,4801603.00000
4365,10718576.82000
4366,5972897.39000
4367,301360570.70000
4368,13022754.27000
4369,2110171295.00000
4370,1290073377.00000
4371,139004795.90000
4372,6853181.81000
4373,59639863.92000
4374,33390834.62000
4375,973433026.40000
4376,10350593.33000
4377,1658159110.00000
4378,4570032869.00000
4379,4872067281.00000
4380,1445292593.00000
4381,83441403.61000
4382,40723979.91000
4383,10058199.73000
4384,26481763.47000
4385,4077708147.00000
4386,588552672.20000
4387,5060630801.00000
4388,3014615302.00000
4389,690786687.00000
4390,11400284.20000
4391,962939612.80000
4392,834029776.20000
4393,26046651.71000
4394,23061375.74000
4395,288769891.00000
4396,295441048.40000
4397,542723432.20000
4398,4351758362.00000
4399,796162695.20000
4400,128895086.70000
4401,2609079.98000
4402,8167878.20000
4403,2769547.97000
4404,2606199.02000
4405,319658459.40000
4406,72082118.49000
4407,306011426.40000
4408,84437030.35000
4409,192669243.10000
4410,2498229061.00000
4411,2136659085.00000
4412,68273652.28000
4413,14985883.40000
4414,819689821.40000
4415,290379223.70000
4416,203737660.50000
4417,8920318.73000
4418,6047641.88000
4419,136042073.80000
4420,942891334.90000
4421,115645709.80000
4422,2749544.79000
4423,3099369.40000
4424,34040971.13000
4425,196110941.10000
4426,22482813.59000
4427,162124775.60000
4428,150871499.30000
4429,7046986.62000
4430,66858786.32000
4431,75678269.93000
4432,73096593.28000
4433,45513028.02000
4434,800777.49000
4435,7928506491.00000
4436,6705786192.00000
4437,4193730662.00000
4438,608321705.40000
4439,829808402.20000
4440,36812914.79000
4441,1288154.28000
4442,1673428626.00000
4443,36415196.63000
4444,1248510.39000
4445,93804724.54000
4446,51909158.99000
4447,239047428.10000
4448,4119969.53000
4449,120811613.80000
4450,3693825.83000
4451,5202267.59000
4452,358470889.40000
4453,921868329.30000
4454,1062477388.00000
4455,114464232.30000
4456,636401049.60000
4457,206466342.10000
4458,152168818.20000
4459,10881193.06000
4460,36038555.72000
4461,34281750.76000
4462,119449484.00000
4463,6621827.37000
4464,25709270.95000
4465,30622905.27000
4466,25908815.73000
4467,16703606.54000
4468,2703638.49000
4469,7716518.02000
4470,94664589.75000
4471,37541150.46000
4472,436932678.50000
4473,1608299.52000
4474,563225495.10000
4475,86858162.82000
4476,374778564.90000
4477,1067681322.00000
4478,182545733.90000
4479,5541164.31000
4480,7078924.39000
4481,4562553.42000
4482,19308344.07000
4483,4796963.36000
4484,34993965.43000
4485,3991841855.00000
4486,1442899091.00000
4487,39052903.84000
4488,6350181724.00000
4489,4236360.83000
4490,486083694.70000
4491,301140257.70000
4492,451139001.80000
4493,496847103.90000
4494,1972967.21000
4495,1897648.65000
4496,196952758.80000
4497,823703218.40000
4498,573018894.40000
4499,22186909.41000
4500,156923769.90000
4501,70948093.29000
4502,776325255.40000
4503,11013095.89000
4504,8788073.73000
4505,13692660.03000
4506,104948667.50000
4507,164448995.70000
4508,2510222.62000
4509,822057844.70000
4510,98291964.59000
4511,1232375496.00000
4512,102424819.50000
4513,269922821.30000
4514,820946.70000
4515,23902560.95000
4516,15557535.21000
4517,34960222.65000
4518,37946743.69000
4519,4764052.97000
4520,42720413.06000
4521,1380263.60000
4522,33058405.88000
4523,812044.83000
4524,29953825.22000
4525,3388819.57000
4526,30900958.01000
4527,5495414.90000
4528,11736478.67000
4529,87875386.97000
4530,495351662.30000
4531,1826552.59000
4532,1084510873.00000
4533,841392.79000
4534,553762969.60000
4535,1581980522.00000
4536,1167616173.00000
4537,12288160.01000
4538,144772065.40000
4539,205305585.30000
4540,4552538.86000
4541,45707075.99000
4542,2955744.42000
4543,60993185.56000
4544,375867997.60000
4545,35748345.02000
4546,11481329975.00000
4547,398335339.80000
4548,7498458574.00000
4549,40472697.20000
4550,583445266.70000
4551,32293606.80000
4552,32709649.27000
4553,95739946.38000
4554,224649872.50000
4555,41942665.57000
4556,6815834.72000
4557,21965923.98000
4558,16203129.59000
4559,7281448.08000
4560,1154810560.00000
4561,585682981.50000
4562,4320668.44000
4563,216815686.20000
4564,1746784637.00000
4565,17486727.96000
4566,2112795811.00000
4567,26191608.59000
4568,2991991.24000
4569,4214838271.00000
4570,461947320.90000
4571,3943086.60000
4572,1322059.02000
4573,73121624.69000
4574,87979750.19000
4575,613445704.10000
4576,50471326.62000
4577,182853416.30000
4578,1044051.35000
4579,158545012.20000
4580,165428699.30000
4581,44812303.81000
4582,14649451.95000
4583,5202544.98000
4584,2945106.94000
4585,1440994.02000
4586,10153743.23000
4587,2747361.02000
4588,17152485.21000
4589,75534057.89000
4590,1494239613.00000
4591,68611860.55000
4592,15548464.44000
4593,31385224.77000
4594,101028138.90000
4595,7113134.11000
4596,9193084.04000
4597,60070706.75000
4598,1467249.16000
4599,440592163.30000
4600,58132321.35000
4601,1438335083.00000
4602,25115885.59000
4603,671074.45000
4604,1306433.46000
4605,14610215.16000
4606,7303171.94000
4607,51764586.26000
4608,942544062.30000
4609,5277832.66000
4610,8452605977.00000
4611,143111859.40000
4612,120965417.90000
4613,2068691161.00000
4614,1705301677.00000
4615,35488290.32000
4616,8406011.63000
4701,2390457.29000
4702,1483022.81000
4703,569899.58000
4704,585323508.80000
4705,3833003.67000
4706,2586233.78000
4707,2384456.27000
4708,231798068.60000
4709,1099861.63000
4710,1812232.71000
5000,818196.36000
5001,560348.85000
5002,162327.81000
5003,123470.24000
5004,122593.91000
5005,156731.42000
5006,85607.31000
5007,687399.87000
5008,326864.28000
5009,472432.15000
5010,143991.16000
5011,438740.46000
5012,81664.24000
5013,718216.55000
5014,297887.73000
5015,165422.17000
5016,329375.49000
5017,102029.37000
5018,103324.58000
5019,3325251.41000
5020,656286.96000
5021,831701.55000
5022,701017.93000
5023,3757474.26000
5024,615504.13000
5025,207987.74000
5026,111398.23000
5027,444489.60000
5028,1028612.75000
5029,584449.00000
5030,134106.46000
5031,1078747.50000
5032,583332.54000
5033,2432786.10000
5034,2066406.02000
5035,470752.70000
5036,3004730.79000
5037,3144763.09000
5038,560805.07000
5039,4012995.27000
5040,4422248.08000
5041,173017.94000
5042,1163560.31000
5043,2188067.30000
5044,303777.69000
5045,237094.82000
5046,461790.35000
5047,161991.36000
5048,46537.01000
5049,37313.94000
5050,56654.77000
5051,219437.17000
5052,134302.87000
5053,43455.60000
5054,38054.62000
5055,59543.86000
5056,91252.65000
5057,105892.11000
5058,90669.01000
5059,37681.77000
5060,75840.13000
5061,57168.06000
5062,153483.86000
5063,382060.55000
5064,52482.85000
5065,36327.00000
5069,1109254.25000
5070,1763244.66000
5071,5728271.53000
5072,3773947.32000
5073,1656771.71000
5074,2025164.54000
5075,1476824.95000
5076,2969093.51000
5077,1521608.72000
5078,1956370.20000
5079,412692.76000
5080,601005.55000
5081,300872.60000
5082,477957.76000
5083,209518.60000
5084,213079.69000
5085,331853.01000
5086,351108.50000
5087,350679.76000
5088,312017.59000
5089,497655.94000
5090,195860.36000
5091,206925.22000
5092,644714.76000
5093,411072.64000
5094,1070827.87000
5095,640071.30000
5096,247276.34000
5097,311832.78000
5098,394415.12000
5099,563121.58000
5100,658909.05000
5101,325335.65000
5102,247426.40000
5103,518746.33000
5104,379523.73000
5105,461251.34000
5106,300224.93000
5107,290884.06000
5108,410444.47000
5109,2024387.42000
5110,478945.13000
5111,229996.80000
5112,348442.19000
5113,336549.99000
5114,510426.14000
5115,420929.22000
5116,361980.28000
5117,619602.59000
5118,548692.72000
5119,340907.54000
5120,378428.66000
5121,288344.20000
5122,356763.60000
5123,223390.30000
5124,331795.30000
5125,487969.60000
5126,219606.92000
5127,416239.40000
5128,305952.36000
5129,255074.86000
5130,445795.24000
5131,217601.64000
5132,219914.71000
5133,211963.53000
5134,169988.13000
5135,1266200.12000
5136,1886140.09000
5137,932835.70000
5138,236058.32000
5139,210704.68000
5140,284441.83000
5141,407593.64000
5142,286999.16000
5143,316568.89000
5144,245175.40000
5145,885651.05000
5146,444925.06000
5147,426105.13000
5148,1608568.62000
5149,521405.53000
5150,223464.54000
5151,328989.76000
5152,1422119.75000
5153,542666.32000
5154,199906.65000
5155,1700352.26000
5156,321956.69000
5157,462108.79000
5158,497938.72000
5159,159789.93000
5160,476579.37000
5161,481070.92000
5162,503530.76000
5163,257387.61000
5164,474886.21000
5165,489983.55000
5166,483747.20000
5167,503937.66000
5168,240211.81000
5169,272433.78000
5170,290667.24000
5171,336916.35000
5172,2446143.39000
5173,657486.98000
5174,516833.38000
5175,445653.70000
5176,572352.65000
5177,660746.58000
5178,418115.90000
5179,443911.44000
5180,368776.07000
5181,621658.19000
5182,344355.96000
5183,432712.81000
5184,329962.65000
5185,427296.24000
5186,400560.64000
5187,640506.92000
5188,323839.77000
5189,1303576.63000
5190,376131.29000
5191,292269.13000
5192,825383.33000
5193,836162.23000
5194,366959.53000
5195,394763.48000
5196,570252.92000
5197,555575.59000
5198,234467.73000
5199,833899.29000
5200,522301.58000
5201,425454.94000
5202,529661.23000
5203,587224.28000
5204,571434.14000
5205,936937.47000
5206,626653.03000
5207,571691.17000
5208,476853.22000
5209,801654.37000
5210,724975.98000
5211,352264.17000
5212,1543154.69000
5213,2772584.57000
5214,341419.05000
5215,245391.65000
5216,231708.68000
5217,213675.46000
5218,197419.98000
5219,99696.09000
5220,856743.14000
5221,580166.22000
5222,476060.92000
5224,441696.09000
5225,386008.16000
5226,287406.80000
5227,2341150.71000
5228,2247465.53000
5229,2985777.29000
5230,603689.59000
5231,794967.03000
5232,737844.33000
5233,192679.84000
5234,690859.45000
5235,429741.59000
5236,1342440.90000
5237,583665.80000
5238,428684.44000
5239,1618139.36000
5240,3307003.96000
5241,5615908.56000
5242,306694.44000
5243,413358.96000
5244,544556.99000
5245,327976.92000
5246,373315.39000
5247,709908.57000
5248,463189.28000
5249,472650.77000
5250,510677.43000
5251,341811.16000
5252,1077400.91000
5253,651711.46000
5254,492003.80000
5255,553767.07000
5256,608118.29000
5257,309841.01000
5258,1154803.27000
5259,1068331.78000
5260,194280.88000
5261,685157.21000
5262,647480.50000
5263,460279.28000
5264,579081.98000
5265,736224.73000
5266,681947.19000
5267,461145.93000
5268,692558.85000
5269,615610.74000
5270,351377.90000
5271,399572.26000
5272,569631.57000
5273,905412.81000
5274,870606.74000
5275,1433664.44000
5276,956225.74000
5277,539043.92000
5278,524853.08000
5279,636402.07000
5280,747002.92000
5281,516203.80000
5282,356293.40000
5283,773695.74000
5284,397005.53000
5285,693615.93000
5286,498615.96000
5287,1015813.77000
5288,239043.22000
5289,238783.67000
5290,318647.93000
5291,454790.64000
5292,240641.17000
5293,324365.31000
5294,261848.47000
5295,249084.59000
5296,271547.11000
5297,816315.55000
5298,861541.33000
5324,577664.29000
5325,1070305.44000
5326,542792.90000
5327,1210371.60000
5328,819804.39000
5329,1303846.71000
5330,426548.61000
5331,1641847.31000
5332,1126727.75000
5333,896568.68000
5334,886575.29000
5335,438481.33000
5336,1053582.97000
5337,488626.57000
5338,574123.45000
5339,538118.39000
5340,615594.50000
5341,495797.92000
5342,921832.24000
5343,751659.23000
5344,326699.15000
5345,326660.91000
5346,569769.01000
5347,673209.19000
5348,654040.92000
5349,656882.68000
5350,306230.95000
5351,338371.29000
5352,572497.13000
5353,245897.33000
5354,329555.27000
5355,330881.74000
5356,2102437.42000
5357,1075668.08000
5358,1083350.77000
5359,4257958.66000
5360,2010458.66000
5361,2825359.71000
5362,2711379.08000
5363,1367112.47000
5364,1091070.06000
5365,448349.54000
5366,520382.19000
5367,2012526.48000
5368,1276855.11000
5369,1064731.31000
5370,670815.21000
5371,528489.31000
5372,386562.06000
5373,821489.78000
5374,984975.79000
5375,1094872.41000
5376,1152082.87000
5377,1644304.52000
5378,659863.94000
5379,687482.37000
5380,653622.39000
5381,707661.70000
5382,266479.92000
5383,324968.10000
5384,321951.07000
5385,655921.16000
5386,570787.42000
5387,1285554.38000
5388,1828758.06000
5389,254873.73000
5390,622274.82000
5391,328835.11000
5392,328155.18000
5393,340644.10000
5394,566834.97000
5395,843396.76000
5396,326967.40000
5397,323007.63000
5398,658836.44000
5399,666791.22000
5400,1071393.53000
5401,427636.92000
5402,744990.00000
5403,736161.35000
5404,569532.14000
5405,657365.23000
5406,1274349.74000
5407,1723041.50000
5408,3450440.72000
5409,660683.94000
5410,659982.66000
5411,329216.59000
5412,1757652.10000
5413,658716.90000
5414,660183.59000
5415,667270.53000
5416,663670.66000
5417,658997.81000
5418,659852.55000
5419,763771.11000
5420,441509.09000
5421,532155.05000
5422,392488.50000
5423,654966.90000
5424,660074.64000
5425,751735.45000
5426,515511.33000
5427,656217.05000
5428,654993.20000
5429,1739101.76000
5430,1878441.16000
5431,1582375.33000
5432,2697238.00000
5433,1346121.98000
5434,421245.35000
5435,655665.47000
5436,1030865.88000
5437,747924.34000
5438,938792.80000
5439,654735.54000
5440,328478.75000
5479,357810.93000
5480,229378.27000
5481,360684.88000
5482,956709.31000
5485,4719232.21000
5486,6879165.94000
5487,4813109.90000
5488,1514719.08000
5489,4533525.26000
5490,1272727.37000
5491,2233321.32000
5492,1080379.97000
5493,2607133.79000
5502,3671588.39000
5503,10016882.86000
5504,2666835.52000
5505,2319035.86000
5506,2052400.83000
5507,5726855.08000
5514,2477395.82000
5515,1260346.43000
5516,1487943.11000
5517,1187388.16000
5518,3871504.15000
5519,4576356.03000
5520,3360268.26000
5526,89080845.37000
5527,77886319.79000
5528,150882538.60000
5529,8838919.79000
5530,6787625.45000
5531,6059235.11000
5532,34849408.84000
5533,47008797.24000
5534,3981629.32000
5535,4403376.00000
5536,1533170.19000
5537,4661514.37000
5538,4716789.40000
5539,1292152.58000
5540,37752537.31000
5541,5193594.28000
5542,109579139.00000
5543,2184359.13000
5544,7766399.78000
5545,8330526.88000
5546,3366171.08000
5547,907195.29000
5548,1164215.65000
5549,2401934.37000
5550,3777305.89000
5551,4349183.82000
5552,4351977.73000
5553,3244698.38000
5554,1053365.85000
5555,1240555.94000
5556,577047.03000
5557,544830.26000
5558,929050.46000
5559,760092.29000
5560,352124.67000
5561,326974.02000
5562,910223.26000
5563,482050.58000
5564,4033827.59000
5565,10558436.28000
5566,1863275.00000
5567,11772641.99000
5568,22366528.20000
5569,5250736.96000
5570,5366793.49000
5571,1320922.46000
5572,2510036.37000
5573,2965523.50000
5574,1199188.01000
5575,4564767.25000
5576,2025587.54000
5577,7773712.40000
5578,55555715.24000
5579,25530466.50000
5580,55530890.90000
5581,1159858.87000
5582,5467110.27000
5583,6722529.38000
5584,2572029.34000
5585,6607752.48000
5586,201218085.20000
5587,97243354.78000
5588,32659191.94000
5589,4465779.93000
5590,10307437.97000
5591,7948434.59000
5592,17163226.01000
5593,4563760.44000
5594,11136038.36000
5595,5543633.29000
5596,4261571.25000
5597,67648011.14000
5598,4218202.66000
5599,28641631.37000
5600,129267771.80000
5601,4783646.53000
5602,7131282.07000
5603,18163371.56000
5604,885340.04000
5605,7577367.66000
5606,706937.56000
5607,740802.42000
5608,1736376.67000
5609,1609625.72000
5610,5184280.69000
5611,9761442.09000
5612,1343975.24000
5613,4175977.80000
5614,6141569.11000
5615,4967266.79000
5616,1722080.92000
5617,10273036.15000
5618,2208741.48000
5619,8688032.31000
5620,101987076.70000
5621,343472089.40000
5622,42247600.77000
5623,242065288.00000
5624,44671258.65000
5625,485240306.20000
5626,19898861.82000
5627,65280164.65000
5628,376767931.80000
5629,57425098.11000
5630,108062026.00000
5631,58787772.19000
5632,41077287.32000
5633,38774983.02000
5634,130907223.20000
5635,76356922.25000
5636,29190120.58000
5637,112372691.10000
5638,1473924.98000
5639,9300193.29000
5640,153254216.50000
5641,916448.05000
5642,1626313.43000
5643,2523123.53000
5644,12902531.05000
5645,20971456.04000
5646,8680253.03000
5647,869816.79000
5648,671329.59000
5649,33401090.76000
5650,57541955.25000
5651,3724426808.00000
5652,5645404926.00000
5653,1614050804.00000
5654,8164742791.00000
5655,7987877268.00000
5656,25725902132.00000
5657,25249791325.00000
5658,44430706414.00000
5659,17496026891.00000
5660,3094780229.00000
5661,2663145098.00000
5662,10419793786.00000
5663,11013646180.00000
5664,6832693348.00000
5665,9329818927.00000
5666,14422813046.00000
5667,6211595748.00000
5668,6776091418.00000
5669,3166335081.00000
5670,7221621647.00000
5671,9515442436.00000
5672,157000000000.00000
5673,295000000000.00000
5674,151000000000.00000
5675,108000000000.00000
5676,154000000000.00000
5677,149000000000.00000
5678,273000000000.00000
5679,17042489739.00000
5680,6952823655.00000
5681,219203213.10000
5682,184000000000.00000
5683,186000000000.00000
5684,163000000000.00000
5685,108000000000.00000
5686,156000000000.00000
5687,223000000000.00000
5688,122000000000.00000
5689,132000000000.00000
5690,64442909487.00000
5691,32382309667.00000
5692,28142805536.00000
5693,170000000000.00000
5694,231000000000.00000
5695,140000000000.00000
5696,197000000000.00000
5697,319000000000.00000
5698,207000000000.00000
5699,196000000000.00000
5701,20937429465.00000
5702,31477627302.00000
5703,25409326492.00000
5704,319000000000.00000
5705,159000000000.00000
5706,162000000000.00000
5707,188000000000.00000
5708,126000000000.00000
5709,192000000000.00000
5710,78166940973.00000
5711,133000000000.00000
5712,147000000000.00000
5713,3631036719.00000
5714,101000000000.00000
5715,206000000000.00000
5716,127000000000.00000
5717,720000000000.00000
5718,187000000000.00000
5719,9327562791.00000
5720,32109185863.00000
5721,130000000000.00000
5722,45991586774.00000
5723,114000000000.00000
5724,76983314565.00000
5725,159000000000.00000
5726,234000000000.00000
5727,905000000000.00000
